Workbook

Sheet HOW TO
A1: Content ID cấu trúc: [Chương trình]_[Format]_[Hình thức học (nếu có)]_[Hook/Nội dung chính]_[MMYY]_[PostID]
A2: DHND_Reels_HuongDiTrienVong_0226_3960
A3: Duc_Album_Online1Kem1_PhaVoRaoCao_0926_5171
A4: Trường | B4: Chú thích | C4: Ví dụ trong Content ID
A5: Chương trình | B5: Cột Key A trong sheet Mapping | C5: DHND
C6: DHHQ
C7: Duc
C8: TBN
A9: Format | B9: 1 ảnh | C9: Photo
B10: Nhiều ảnh | C10: Album
B11: Reels/Video | C11: Reels
B12: Carousel | C12: Carousel
A13: Hình thức học (áp dụng cho khóa học tiếng) | B13: Online | C13: Online
B14: Online 1 Kèm 1 | C14: Online1Kem1
B15: Offline | C15: Offline
A16: Hook/Nội dung chính | B16: Hook | C16: QuocGiaHangDau
B17: Nội dung chương trình | C17: DieuDuong2026
B18: Hook | C18: NangTrinhCapToc
A19: MMYY | B19: Tháng năm đăng bài | C19: 0526
C20: 0425
A21: PostID | B21: 4 ký tự cuối trong link post | C21: 5171
C22: 4997

Sheet BENCHMARK
A1: BENCHMARK – Target Cost per Conversation theo chương trình
A2: Sửa tại đây → Toàn bộ STATUS trong file tự cập nhật | KHÔNG sửa công thức ở sheet khác
A3: Program Code | B3: Target Cost/Conv (VNĐ) ≤ | C3: Target CTR (%) ≥ [tuỳ chọn] | D3: Ghi chú
A4: =Mapping!B4 -> Du học nghề Đức | B4: 150000 | C4: 1.5 | D4: Audience hẹp, conv chất lượng cao
A5: =Mapping!B5 -> Ngày hội DHD | B5: 180000 | C5: 1 | D5: Event – conv linh hoạt
A6: =Mapping!B6 -> Du học Đức | B6: 150000 | C6: 1.5 | D6: Tương tự Du học nghề Đức
A7: =Mapping!B7 -> Du học Hàn Quốc | B7: 180000 | C7: 1 | D7: Brandname chưa mạnh
A8: =Mapping!B8 -> CDVBA | B8: 180000 | C8: 1 | D8: Audience hẹp
A9: =Mapping!B9 -> Tiếng Đức | B9: 150000 | C9: 1.5
A10: =Mapping!B10 -> Kỳ thi OSD | B10: 150000 | C10: 1 | D10: Kỳ thi ngắn hạn
A11: =Mapping!B12 -> Tiếng Pháp | B11: 150000 | C11: 1.5
A12: =Mapping!B13 -> Tiếng Hàn | B12: 100000 | C12: 1.5 | D12: Volume rộng
A13: =Mapping!B14 -> Tiếng Trung | B13: 100000 | C13: 1.5 | D13: Volume rộng
A14: =Mapping!B15 -> Tiếng Thái | B14: 100000 | C14: 1.5 | D14: Reach tự nhiên tốt
A15: =Mapping!B16 -> Tiếng Nhật | B15: 150000 | C15: 1 | D15: Brandname yếu, chỉ có online 1 kèm 1
A16: =Mapping!B17 -> Tiếng Tây Ban Nha | B16: 160000 | C16: 1 | D16: Audience hẹp
A17: =Mapping!B18 -> Tiếng Ý | B17: 150000 | C17: 1 | D17: Audience hẹp, chỉ có online 1 kèm 1
A18: =Mapping!B19 -> Tiếng Nga | B18: 150000 | C18: 1 | D18: Audience hẹp, chỉ có online 1 kèm 1
A19: =Mapping!B20 -> EduCRM | B19: 150000 | C19: 1.3 | D19: Dựa trên lịch sử chạy Alltime
A20: =Mapping!B21 -> Thuê Phòng | B20: 135000 | C20: 2 | D20: Dựa trên lịch sử chạy Alltime
A21: =Mapping!B22
A22: =Mapping!B23
A24: DEFAULT | B24: 150000 | C24: 2 | D24: Fallback – KHÔNG xóa dòng này
A25: Dòng DEFAULT là fallback bắt buộc – KHÔNG xóa | Thêm chương trình mới phía TRÊN dòng DEFAULT

Sheet Mapping
A1: Mapping – Content ID prefix → Program Code
A2: Key = phần đầu của Content ID (trước dấu _ đầu tiên) | Thêm dòng mới khi có program mới
A3: Key (prefix trong Content ID) | B3: Program Code
A4: DHND | B4: Du học nghề Đức
A5: NgayHoiDHD | B5: Ngày hội DHD
A6: DHD | B6: Du học Đức
A7: DHHQ | B7: Du học Hàn Quốc
A8: CDVBA | B8: CDVBA
A9: Duc | B9: Tiếng Đức
A10: OSD | B10: Kỳ thi OSD
A11: HDTOSD | B11: Kỳ thi OSD
A12: Phap | B12: Tiếng Pháp
A13: Han | B13: Tiếng Hàn
A14: Trung | B14: Tiếng Trung
... A26: DEFAULT | B26: DEFAULT
A27: Thêm keyword mới phía TRÊN dòng DEFAULT | Key phải khớp prefix của Ad Name thực tế

Sheet RAW_DATA
A1: Z
A2: CÁCH PASTE: Ads Manager → Breakdown: Daily → Export CSV → Copy từ hàng dữ liệu (KHÔNG copy header) → Paste từ ô A5 | Cột K–N là helper tự tính – KHÔNG xóa, KHÔNG sửa
A3: Tên cột Meta Ads Manager: Campaign Name | Ad Set Name | Ad Name | Date | Reach | Impressions | CTR (all) | Messaging Conversations Started | Cost per Messaging Conversation | Amount Spent | K3: HELPER – Tự động tính (KHÔNG sửa)
A4: Campaign Name | B4: Ad Set Name | C4: Ad Name (Content ID) | D4: Date (YYYY-MM-DD) | E4: Reach | F4: Impressions | G4: CTR (%) | H4: Results | I4: Cost per Results | J4: Amount Spent (VNĐ) | K4: Composite Key (Ad | AdSet) | L4: Program (auto-detect) | M4: Week_Start (Thứ 2) | N4: Month (YYYY-MM)
A5: Mess - Cho thuê phòng - 27.09.2024 | B5: HCM [18-55] | C5: ThuePhong_Album_ThuePhongGiaTot_0622_0460 | D5: 46162 | E5: 160 | F5: 182 | G5: 4.3956044 | J5: 23334 | K5: =IF(C5="","",C5&" | "&B5) -> ThuePhong_Album_ThuePhongGiaTot_0622_0460 | HCM [18-55] | L5: {=IF(C5="","",IFERROR(VLOOKUP(IFERROR(LEFT(C5,FIND("_",C5)-1),C5),Mapping!$A:$B,2,FALSE),"DEFAULT"))} -> Thuê Phòng | M5: =D5-WEEKDAY(D5,2)+1 -> 46160 | N5: {=IF(D5:D4000="","", TEXT(D5:D4000,"yyyy-mm") )} -> 2026-05
A6: Mess - Cho thuê phòng - 27.09.2024 | B6: HCM [18-55] | C6: ThuePhong_Album_UuDaiPhongTraining_0622_5833 | D6: 46162 | E6: 59 | F6: 80 | G6: 5 | J6: 6324 | K6: =IF(C6="","",C6&" | "&B6) -> ThuePhong_Album_UuDaiPhongTraining_0622_5833 | HCM [18-55] | L6: {=IF(C6="","",IFERROR(VLOOKUP(IFERROR(LEFT(C6,FIND("_",C6)-1),C6),Mapping!$A:$B,2,FALSE),"DEFAULT"))} -> Thuê Phòng | M6: =D6-WEEKDAY(D6,2)+1 -> 46160 | N6: 2026-05
A7: Mess - Cho thuê phòng - 27.09.2024 | B7: Interest [18-55] | C7: ThuePhong_Album_ThuePhongGiaTot_0622_0460 | D7: 46162 | E7: 1207 | F7: 1834 | G7: 2.344602 | H7: 2 | I7: 126551.5 | J7: 253103 | K7: =IF(C7="","",C7&" | "&B7) -> ThuePhong_Album_ThuePhongGiaTot_0622_0460 | Interest [18-55] | L7: {=IF(C7="","",IFERROR(VLOOKUP(IFERROR(LEFT(C7,FIND("_",C7)-1),C7),Mapping!$A:$B,2,FALSE),"DEFAULT"))} -> Thuê Phòng | M7: =D7-WEEKDAY(D7,2)+1 -> 46160 | N7: 2026-05
A8: Mess - Cho thuê phòng - 27.09.2024 | B8: HCM [18-55] | C8: ThuePhong_Album_UuDaiPhongTraining_0622_5833 | D8: 46161 | E8: 171 | F8: 230 | G8: 1.7391304 | J8: 26099 | K8: =IF(C8="","",C8&" | "&B8) -> ThuePhong_Album_UuDaiPhongTraining_0622_5833 | HCM [18-55] | L8: {=IF(C8="","",IFERROR(VLOOKUP(IFERROR(LEFT(C8,FIND("_",C8)-1),C8),Mapping!$A:$B,2,FALSE),"DEFAULT"))} -> Thuê Phòng | M8: =D8-WEEKDAY(D8,2)+1 -> 46160 | N8: 2026-05
A9: Mess - Cho thuê phòng - 27.09.2024 | B9: Interest [18-55] | C9: ThuePhong_Album_ThuePhongGiaTot_0622_0460 | D9: 46161 | E9: 1850 | F9: 2687 | G9: 1.7491626 | H9: 4 | I9: 84841 | J9: 339364 | K9: =IF(C9="","",C9&" | "&B9) -> ThuePhong_Album_ThuePhongGiaTot_0622_0460 | Interest [18-55] | L9: {=IF(C9="","",IFERROR(VLOOKUP(IFERROR(LEFT(C9,FIND("_",C9)-1),C9),Mapping!$A:$B,2,FALSE),"DEFAULT"))} -> Thuê Phòng | M9: =D9-WEEKDAY(D9,2)+1 -> 46160 | N9: 2026-05
A10: Mess - Cho thuê phòng - 27.09.2024 | B10: HCM [18-55] | C10: ThuePhong_Album_ThuePhongGiaTot_0622_0460 | D10: 46160 | E10: 156 | F10: 174 | G10: 4.5977011 | J10: 22762 | K10: =IF(C10="","",C10&" | "&B10) -> ThuePhong_Album_ThuePhongGiaTot_0622_0460 | HCM [18-55] | L10: {=IF(C10="","",IFERROR(VLOOKUP(IFERROR(LEFT(C10,FIND("_",C10)-1),C10),Mapping!$A:$B,2,FALSE),"DEFAULT"))} -> Thuê Phòng | M10: =D10-WEEKDAY(D10,2)+1 -> 46160 | N10: 2026-05
A11: Mess - Cho thuê phòng - 27.09.2024 | B11: HCM [18-55] | C11: ThuePhong_Album_UuDaiPhongTraining_0622_5833 | D11: 46160 | E11: 103 | F11: 142 | G11: 2.1126761 | J11: 17066 | K11: =IF(C11="","",C11&" | "&B11) -> ThuePhong_Album_UuDaiPhongTraining_0622_5833 | HCM [18-55] | L11: {=IF(C11="","",IFERROR(VLOOKUP(IFERROR(LEFT(C11,FIND("_",C11)-1),C11),Mapping!$A:$B,2,FALSE),"DEFAULT"))} -> Thuê Phòng | M11: =D11-WEEKDAY(D11,2)+1 -> 46160 | N11: 2026-05
A12: Mess - Cho thuê phòng - 27.09.2024 | B12: Interest [18-55] | C12: ThuePhong_Album_ThuePhongGiaTot_0622_0460 | D12: 46160 | E12: 1567 | F12: 2414 | G12: 2.029826 | H12: 4 | I12: 68537.75 | J12: 274151 | K12: =IF(C12="","",C12&" | "&B12) -> ThuePhong_Album_ThuePhongGiaTot_0622_0460 | Interest [18-55] | L12: {=IF(C12="","",IFERROR(VLOOKUP(IFERROR(LEFT(C12,FIND("_",C12)-1),C12),Mapping!$A:$B,2,FALSE),"DEFAULT"))} -> Thuê Phòng | M12: =D12-WEEKDAY(D12,2)+1 -> 46160 | N12: 2026-05
A13: Mess - Cho thuê phòng - 27.09.2024 | B13: HCM [18-55] | C13: ThuePhong_Album_ThuePhongGiaTot_0622_0460 | D13: 46159 | E13: 1 | F13: 2 | G13: 0 | J13: 24 | K13: =IF(C13="","",C13&" | "&B13) -> ThuePhong_Album_ThuePhongGiaTot_0622_0460 | HCM [18-55] | L13: {=IF(C13="","",IFERROR(VLOOKUP(IFERROR(LEFT(C13,FIND("_",C13)-1),C13),Mapping!$A:$B,2,FALSE),"DEFAULT"))} -> Thuê Phòng | M13: =D13-WEEKDAY(D13,2)+1 -> 46153 | N13: 2026-05
A14: Mess - Cho thuê phòng - 27.09.2024 | B14: HCM [18-55] | C14: ThuePhong_Album_UuDaiPhongTraining_0622_5833 | D14: 46159 | E14: 127 | F14: 169 | G14: 1.1834319 | J14: 21722 | K14: =IF(C14="","",C14&" | "&B14) -> ThuePhong_Album_UuDaiPhongTraining_0622_5833 | HCM [18-55] | L14: {=IF(C14="","",IFERROR(VLOOKUP(IFERROR(LEFT(C14,FIND("_",C14)-1),C14),Mapping!$A:$B,2,FALSE),"DEFAULT"))} -> Thuê Phòng | M14: =D14-WEEKDAY(D14,2)+1 -> 46153 | N14: 2026-05
A15: Mess - Cho thuê phòng - 27.09.2024 | B15: Interest [18-55] | C15: ThuePhong_Album_ThuePhongGiaTot_0622_0460 | D15: 46159 | E15: 838 | F15: 1240 | G15: 2.0967742 | H15: 2 | I15: 73936 | J15: 147872 | K15: =IF(C15="","",C15&" | "&B15) -> ThuePhong_Album_ThuePhongGiaTot_0622_0460 | Interest [18-55] | L15: {=IF(C15="","",IFERROR(VLOOKUP(IFERROR(LEFT(C15,FIND("_",C15)-1),C15),Mapping!$A:$B,2,FALSE),"DEFAULT"))} -> Thuê Phòng | M15: =D15-WEEKDAY(D15,2)+1 -> 46153 | N15: 2026-05
A16: Mess - Cho thuê phòng - 27.09.2024 | B16: Interest [18-55] | C16: ThuePhong_Album_ThuePhongGiaTot_0622_0460 | D16: 46158 | E16: 794 | F16: 1244 | G16: 2.4919614 | H16: 2 | I16: 88210.5 | J16: 176421 | K16: =IF(C16="","",C16&" | "&B16) -> ThuePhong_Album_ThuePhongGiaTot_0622_0460 | Interest [18-55] | L16: {=IF(C16="","",IFERROR(VLOOKUP(IFERROR(LEFT(C16,FIND("_",C16)-1),C16),Mapping!$A:$B,2,FALSE),"DEFAULT"))} -> Thuê Phòng | M16: =D16-WEEKDAY(D16,2)+1 -> 46153 | N16: 2026-05
A17: Mess - Cho thuê phòng - 27.09.2024 | B17: HCM [18-55] | C17: ThuePhong_Album_UuDaiPhongTraining_0622_5833 | D17: 46158 | E17: 103 | F17: 149 | G17: 0.67114094 | J17: 27422 | K17: =IF(C17="","",C17&" | "&B17) -> ThuePhong_Album_UuDaiPhongTraining_0622_5833 | HCM [18-55] | L17: {=IF(C17="","",IFERROR(VLOOKUP(IFERROR(LEFT(C17,FIND("_",C17)-1),C17),Mapping!$A:$B,2,FALSE),"DEFAULT"))} -> Thuê Phòng | M17: =D17-WEEKDAY(D17,2)+1 -> 46153 | N17: 2026-05
A18: Mess - Cho thuê phòng - 27.09.2024 | B18: HCM [18-55] | C18: ThuePhong_Album_ThuePhongGiaTot_0622_0460 | D18: 46158 | E18: 10 | F18: 10 | G18: 0 | J18: 1424 | K18: =IF(C18="","",C18&" | "&B18) -> ThuePhong_Album_ThuePhongGiaTot_0622_0460 | HCM [18-55] | L18: {=IF(C18="","",IFERROR(VLOOKUP(IFERROR(LEFT(C18,FIND("_",C18)-1),C18),Mapping!$A:$B,2,FALSE),"DEFAULT"))} -> Thuê Phòng | M18: =D18-WEEKDAY(D18,2)+1 -> 46153 | N18: 2026-05
A19: Mess - Cho thuê phòng - 27.09.2024 | B19: HCM [18-55] | C19: ThuePhong_Album_UuDaiPhongTraining_0622_5833 | D19: 46157 | E19: 69 | F19: 99 | G19: 4.040404 | J19: 14743 | K19: =IF(C19="","",C19&" | "&B19) -> ThuePhong_Album_UuDaiPhongTraining_0622_5833 | HCM [18-55] | L19: {=IF(C19="","",IFERROR(VLOOKUP(IFERROR(LEFT(C19,FIND("_",C19)-1),C19),Mapping!$A:$B,2,FALSE),"DEFAULT"))} -> Thuê Phòng | M19: =D19-WEEKDAY(D19,2)+1 -> 46153 | N19: 2026-05
A20: Mess - Cho thuê phòng - 27.09.2024 | B20: Interest [18-55] | C20: ThuePhong_Album_ThuePhongGiaTot_0622_0460 | D20: 46157 | E20: 664 | F20: 1071 | G20: 1.8674136 | H20: 3 | I20: 52779.333 | J20: 158338 | K20: =IF(C20="","",C20&" | "&B20) -> ThuePhong_Album_ThuePhongGiaTot_0622_0460 | Interest [18-55] | L20: {=IF(C20="","",IFERROR(VLOOKUP(IFERROR(LEFT(C20,FIND("_",C20)-1),C20),Mapping!$A:$B,2,FALSE),"DEFAULT"))} -> Thuê Phòng | M20: =D20-WEEKDAY(D20,2)+1 -> 46153 | N20: 2026-05
A21: Mess - Cho thuê phòng - 27.09.2024 | B21: HCM [18-55] | C21: ThuePhong_Album_ThuePhongGiaTot_0622_0460 | D21: 46156 | E21: 40 | F21: 47 | G21: 0 | J21: 4604 | K21: =IF(C21="","",C21&" | "&B21) -> ThuePhong_Album_ThuePhongGiaTot_0622_0460 | HCM [18-55] | L21: {=IF(C21="","",IFERROR(VLOOKUP(IFERROR(LEFT(C21,FIND("_",C21)-1),C21),Mapping!$A:$B,2,FALSE),"DEFAULT"))} -> Thuê Phòng | M21: =D21-WEEKDAY(D21,2)+1 -> 46153 | N21: 2026-05
A22: Mess - Cho thuê phòng - 27.09.2024 | B22: HCM [18-55] | C22: ThuePhong_Album_UuDaiPhongTraining_0622_5833 | D22: 46156 | E22: 102 | F22: 145 | G22: 0.68965517 | J22: 22801 | K22: =IF(C22="","",C22&" | "&B22) -> ThuePhong_Album_UuDaiPhongTraining_0622_5833 | HCM [18-55] | L22: {=IF(C22="","",IFERROR(VLOOKUP(IFERROR(LEFT(C22,FIND("_",C22)-1),C22),Mapping!$A:$B,2,FALSE),"DEFAULT"))} -> Thuê Phòng | M22: =D22-WEEKDAY(D22,2)+1 -> 46153 | N22: 2026-05
A23: Mess - Cho thuê phòng - 27.09.2024 | B23: Interest [18-55] | C23: ThuePhong_Album_ThuePhongGiaTot_0622_0460 | D23: 46156 | E23: 931 | F23: 1515 | G23: 3.30033 | H23: 3 | I23: 78177 | J23: 234531 | K23: =IF(C23="","",C23&" | "&B23) -> ThuePhong_Album_ThuePhongGiaTot_0622_0460 | Interest [18-55] | L23: {=IF(C23="","",IFERROR(VLOOKUP(IFERROR(LEFT(C23,FIND("_",C23)-1),C23),Mapping!$A:$B,2,FALSE),"DEFAULT"))} -> Thuê Phòng | M23: =D23-WEEKDAY(D23,2)+1 -> 46153 | N23: 2026-05
A24: Mess - Cho thuê phòng - 27.09.2024 | B24: HCM [18-55] | C24: ThuePhong_Album_ThuePhongGiaTot_0622_0460 | D24: 46155 | E24: 19 | F24: 20 | G24: 0 | J24: 2030 | K24: =IF(C24="","",C24&" | "&B24) -> ThuePhong_Album_ThuePhongGiaTot_0622_0460 | HCM [18-55] | L24: {=IF(C24="","",IFERROR(VLOOKUP(IFERROR(LEFT(C24,FIND("_",C24)-1),C24),Mapping!$A:$B,2,FALSE),"DEFAULT"))} -> Thuê Phòng | M24: =D24-WEEKDAY(D24,2)+1 -> 46153 | N24: 2026-05
A25: Mess - Cho thuê phòng - 27.09.2024 | B25: HCM [18-55] | C25: ThuePhong_Album_UuDaiPhongTraining_0622_5833 | D25: 46155 | E25: 175 | F25: 270 | G25: 3.7037037 | J25: 25029 | K25: =IF(C25="","",C25&" | "&B25) -> ThuePhong_Album_UuDaiPhongTraining_0622_5833 | HCM [18-55] | L25: {=IF(C25="","",IFERROR(VLOOKUP(IFERROR(LEFT(C25,FIND("_",C25)-1),C25),Mapping!$A:$B,2,FALSE),"DEFAULT"))} -> Thuê Phòng | M25: =D25-WEEKDAY(D25,2)+1 -> 46153 | N25: 2026-05
A26: Mess - Cho thuê phòng - 27.09.2024 | B26: Interest [18-55] | C26: ThuePhong_Album_ThuePhongGiaTot_0622_0460 | D26: 46155 | E26: 1575 | F26: 2519 | G26: 2.580389 | H26: 1 | I26: 347714 | J26: 347714 | K26: =IF(C26="","",C26&" | "&B26) -> ThuePhong_Album_ThuePhongGiaTot_0622_0460 | Interest [18-55] | L26: {=IF(C26="","",IFERROR(VLOOKUP(IFERROR(LEFT(C26,FIND("_",C26)-1),C26),Mapping!$A:$B,2,FALSE),"DEFAULT"))} -> Thuê Phòng | M26: =D26-WEEKDAY(D26,2)+1 -> 46153 | N26: 2026-05
A27: Mess - Cho thuê phòng - 27.09.2024 | B27: HCM [18-55] | C27: ThuePhong_Album_UuDaiPhongTraining_0622_5833 | D27: 46154 | E27: 210 | F27: 288 | G27: 3.4722222 | H27: 1 | I27: 27780 | J27: 27780 | K27: =IF(C27="","",C27&" | "&B27) -> ThuePhong_Album_UuDaiPhongTraining_0622_5833 | HCM [18-55] | L27: {=IF(C27="","",IFERROR(VLOOKUP(IFERROR(LEFT(C27,FIND("_",C27)-1),C27),Mapping!$A:$B,2,FALSE),"DEFAULT"))} -> Thuê Phòng | M27: =D27-WEEKDAY(D27,2)+1 -> 46153 | N27: 2026-05
A28: Mess - Cho thuê phòng - 27.09.2024 | B28: Interest [18-55] | C28: ThuePhong_Album_ThuePhongGiaTot_0622_0460 | D28: 46154 | E28: 1648 | F28: 2800 | G28: 1.8571429 | H28: 1 | I28: 329652 | J28: 329652 | K28: =IF(C28="","",C28&" | "&B28) -> ThuePhong_Album_ThuePhongGiaTot_0622_0460 | Interest [18-55] | L28: {=IF(C28="","",IFERROR(VLOOKUP(IFERROR(LEFT(C28,FIND("_",C28)-1),C28),Mapping!$A:$B,2,FALSE),"DEFAULT"))} -> Thuê Phòng | M28: =D28-WEEKDAY(D28,2)+1 -> 46153 | N28: 2026-05
A29: Mess - Cho thuê phòng - 27.09.2024 | B29: HCM [18-55] | C29: ThuePhong_Album_UuDaiPhongTraining_0622_5833 | D29: 46153 | E29: 272 | F29: 417 | G29: 0.47961631 | J29: 40872 | K29: =IF(C29="","",C29&" | "&B29) -> ThuePhong_Album_UuDaiPhongTraining_0622_5833 | HCM [18-55] | L29: {=IF(C29="","",IFERROR(VLOOKUP(IFERROR(LEFT(C29,FIND("_",C29)-1),C29),Mapping!$A:$B,2,FALSE),"DEFAULT"))} -> Thuê Phòng | M29: =D29-WEEKDAY(D29,2)+1 -> 46153 | N29: 2026-05
A30: Mess - Cho thuê phòng - 27.09.2024 | B30: Interest [18-55] | C30: ThuePhong_Album_ThuePhongGiaTot_0622_0460 | D30: 46153 | E30: 772 | F30: 1203 | G30: 2.1612635 | H30: 3 | I30: 57899 | J30: 173697 | K30: =IF(C30="","",C30&" | "&B30) -> ThuePhong_Album_ThuePhongGiaTot_0622_0460 | Interest [18-55] | L30: {=IF(C30="","",IFERROR(VLOOKUP(IFERROR(LEFT(C30,FIND("_",C30)-1),C30),Mapping!$A:$B,2,FALSE),"DEFAULT"))} -> Thuê Phòng | M30: =D30-WEEKDAY(D30,2)+1 -> 46153 | N30: 2026-05
A31: Mess - Cho thuê phòng - 27.09.2024 | B31: HCM [18-55] | C31: ThuePhong_Album_UuDaiPhongTraining_0622_5833 | D31: 46152 | E31: 138 | F31: 221 | G31: 2.7149321 | J31: 28992 | K31: =IF(C31="","",C31&" | "&B31) -> ThuePhong_Album_UuDaiPhongTraining_0622_5833 | HCM [18-55] | L31: {=IF(C31="","",IFERROR(VLOOKUP(IFERROR(LEFT(C31,FIND("_",C31)-1),C31),Mapping!$A:$B,2,FALSE),"DEFAULT"))} -> Thuê Phòng | M31: =D31-WEEKDAY(D31,2)+1 -> 46146 | N31: 2026-05
A32: Mess - Cho thuê phòng - 27.09.2024 | B32: Interest [18-55] | C32: ThuePhong_Album_ThuePhongGiaTot_0622_0460 | D32: 46152 | E32: 387 | F32: 607 | G32: 3.1301483 | H32: 2 | I32: 45681.5 | J32: 91363 | K32: =IF(C32="","",C32&" | "&B32) -> ThuePhong_Album_ThuePhongGiaTot_0622_0460 | Interest [18-55] | L32: {=IF(C32="","",IFERROR(VLOOKUP(IFERROR(LEFT(C32,FIND("_",C32)-1),C32),Mapping!$A:$B,2,FALSE),"DEFAULT"))} -> Thuê Phòng | M32: =D32-WEEKDAY(D32,2)+1 -> 46146 | N32: 2026-05
A33: Mess - Cho thuê phòng - 27.09.2024 | B33: HCM [18-55] | C33: ThuePhong_Album_UuDaiPhongTraining_0622_5833 | D33: 46151 | E33: 106 | F33: 142 | G33: 2.1126761 | J33: 13589 | K33: =IF(C33="","",C33&" | "&B33) -> ThuePhong_Album_UuDaiPhongTraining_0622_5833 | HCM [18-55] | L33: {=IF(C33="","",IFERROR(VLOOKUP(IFERROR(LEFT(C33,FIND("_",C33)-1),C33),Mapping!$A:$B,2,FALSE),"DEFAULT"))} -> Thuê Phòng | M33: =D33-WEEKDAY(D33,2)+1 -> 46146 | N33: 2026-05
A34: Mess - Cho thuê phòng - 27.09.2024 | B34: Interest [18-55] | C34: ThuePhong_Album_ThuePhongGiaTot_0622_0460 | D34: 46151 | E34: 199 | F34: 261 | G34: 3.0651341 | H34: 1 | I34: 36324 | J34: 36324 | K34: =IF(C34="","",C34&" | "&B34) -> ThuePhong_Album_ThuePhongGiaTot_0622_0460 | Interest [18-55] | L34: {=IF(C34="","",IFERROR(VLOOKUP(IFERROR(LEFT(C34,FIND("_",C34)-1),C34),Mapping!$A:$B,2,FALSE),"DEFAULT"))} -> Thuê Phòng | M34: =D34-WEEKDAY(D34,2)+1 -> 46146 | N34: 2026-05
A35: Mess - Cho thuê phòng - 27.09.2024 | B35: HCM [18-55] | C35: ThuePhong_Album_UuDaiPhongTraining_0622_5833 | D35: 46150 | E35: 81 | F35: 112 | G35: 3.5714286 | J35: 16262 | K35: =IF(C35="","",C35&" | "&B35) -> ThuePhong_Album_UuDaiPhongTraining_0622_5833 | HCM [18-55] | L35: {=IF(C35="","",IFERROR(VLOOKUP(IFERROR(LEFT(C35,FIND("_",C35)-1),C35),Mapping!$A:$B,2,FALSE),"DEFAULT"))} -> Thuê Phòng | M35: =D35-WEEKDAY(D35,2)+1 -> 46146 | N35: 2026-05
A36: Mess - Cho thuê phòng - 27.09.2024 | B36: Interest [18-55] | C36: ThuePhong_Album_ThuePhongGiaTot_0622_0460 | D36: 46150 | E36: 575 | F36: 917 | G36: 2.5081788 | H36: 1 | I36: 144225 | J36: 144225 | K36: =IF(C36="","",C36&" | "&B36) -> ThuePhong_Album_ThuePhongGiaTot_0622_0460 | Interest [18-55] | L36: {=IF(C36="","",IFERROR(VLOOKUP(IFERROR(LEFT(C36,FIND("_",C36)-1),C36),Mapping!$A:$B,2,FALSE),"DEFAULT"))} -> Thuê Phòng | M36: =D36-WEEKDAY(D36,2)+1 -> 46146 | N36: 2026-05
A37: Mess - Cho thuê phòng - 27.09.2024 | B37: HCM [18-55] | C37: ThuePhong_Album_UuDaiPhongTraining_0622_5833 | D37: 46149 | E37: 117 | F37: 166 | G37: 3.6144578 | J37: 27924 | K37: =IF(C37="","",C37&" | "&B37) -> ThuePhong_Album_UuDaiPhongTraining_0622_5833 | HCM [18-55] | L37: {=IF(C37="","",IFERROR(VLOOKUP(IFERROR(LEFT(C37,FIND("_",C37)-1),C37),Mapping!$A:$B,2,FALSE),"DEFAULT"))} -> Thuê Phòng | M37: =D37-WEEKDAY(D37,2)+1 -> 46146 | N37: 2026-05
A38: Mess - Cho thuê phòng - 27.09.2024 | B38: Interest [18-55] | C38: ThuePhong_Album_ThuePhongGiaTot_0622_0460 | D38: 46149 | E38: 706 | F38: 1098 | G38: 2.9143898 | H38: 3 | I38: 60654.333 | J38: 181963 | K38: =IF(C38="","",C38&" | "&B38) -> ThuePhong_Album_ThuePhongGiaTot_0622_0460 | Interest [18-55] | L38: {=IF(C38="","",IFERROR(VLOOKUP(IFERROR(LEFT(C38,FIND("_",C38)-1),C38),Mapping!$A:$B,2,FALSE),"DEFAULT"))} -> Thuê Phòng | M38: =D38-WEEKDAY(D38,2)+1 -> 46146 | N38: 2026-05
A39: Mess - Cho thuê phòng - 27.09.2024 | B39: HCM [18-55] | C39: ThuePhong_Album_UuDaiPhongTraining_0622_5833 | D39: 46148 | E39: 118 | F39: 148 | G39: 2.027027 | H39: 1 | I39: 41649 | J39: 41649 | K39: =IF(C39="","",C39&" | "&B39) -> ThuePhong_Album_UuDaiPhongTraining_0622_5833 | HCM [18-55] | L39: {=IF(C39="","",IFERROR(VLOOKUP(IFERROR(LEFT(C39,FIND("_",C39)-1),C39),Mapping!$A:$B,2,FALSE),"DEFAULT"))} -> Thuê Phòng | M39: =D39-WEEKDAY(D39,2)+1 -> 46146 | N39: 2026-05
A40: Mess - Cho thuê phòng - 27.09.2024 | B40: Interest [18-55] | C40: ThuePhong_Album_ThuePhongGiaTot_0622_0460 | D40: 46148 | E40: 847 | F40: 1367 | G40: 3.29188 | J40: 243264 | K40: =IF(C40="","",C40&" | "&B40) -> ThuePhong_Album_ThuePhongGiaTot_0622_0460 | Interest [18-55] | L40: {=IF(C40="","",IFERROR(VLOOKUP(IFERROR(LEFT(C40,FIND("_",C40)-1),C40),Mapping!$A:$B,2,FALSE),"DEFAULT"))} -> Thuê Phòng | M40: =D40-WEEKDAY(D40,2)+1 -> 46146 | N40: 2026-05
A41: Mess - Cho thuê phòng - 27.09.2024 | B41: HCM [18-55] | C41: ThuePhong_Album_UuDaiPhongTraining_0622_5833 | D41: 46147 | E41: 253 | F41: 353 | G41: 1.1331445 | J41: 35309 | K41: =IF(C41="","",C41&" | "&B41) -> ThuePhong_Album_UuDaiPhongTraining_0622_5833 | HCM [18-55] | L41: {=IF(C41="","",IFERROR(VLOOKUP(IFERROR(LEFT(C41,FIND("_",C41)-1),C41),Mapping!$A:$B,2,FALSE),"DEFAULT"))} -> Thuê Phòng | M41: =D41-WEEKDAY(D41,2)+1 -> 46146 | N41: 2026-05
A42: Mess - Cho thuê phòng - 27.09.2024 | B42: Interest [18-55] | C42: ThuePhong_Album_ThuePhongGiaTot_0622_0460 | D42: 46147 | E42: 1048 | F42: 1645 | G42: 2.3708207 | H42: 1 | I42: 280373 | J42: 280373 | K42: =IF(C42="","",C42&" | "&B42) -> ThuePhong_Album_ThuePhongGiaTot_0622_0460 | Interest [18-55] | L42: {=IF(C42="","",IFERROR(VLOOKUP(IFERROR(LEFT(C42,FIND("_",C42)-1),C42),Mapping!$A:$B,2,FALSE),"DEFAULT"))} -> Thuê Phòng | M42: =D42-WEEKDAY(D42,2)+1 -> 46146 | N42: 2026-05
A43: Mess - Cho thuê phòng - 27.09.2024 | B43: HCM [18-55] | C43: ThuePhong_Album_UuDaiPhongTraining_0622_5833 | D43: 46146 | E43: 356 | F43: 497 | G43: 2.8169014 | J43: 92306 | K43: =IF(C43="","",C43&" | "&B43) -> ThuePhong_Album_UuDaiPhongTraining_0622_5833 | HCM [18-55] | L43: {=IF(C43="","",IFERROR(VLOOKUP(IFERROR(LEFT(C43,FIND("_",C43)-1),C43),Mapping!$A:$B,2,FALSE),"DEFAULT"))} -> Thuê Phòng | M43: =D43-WEEKDAY(D43,2)+1 -> 46146 | N43: 2026-05
A44: Mess - Cho thuê phòng - 27.09.2024 | B44: Interest [18-55] | C44: ThuePhong_Album_ThuePhongGiaTot_0622_0460 | D44: 46146 | E44: 791 | F44: 1312 | G44: 2.2103659 | H44: 2 | I44: 110440.5 | J44: 220881 | K44: =IF(C44="","",C44&" | "&B44) -> ThuePhong_Album_ThuePhongGiaTot_0622_0460 | Interest [18-55] | L44: {=IF(C44="","",IFERROR(VLOOKUP(IFERROR(LEFT(C44,FIND("_",C44)-1),C44),Mapping!$A:$B,2,FALSE),"DEFAULT"))} -> Thuê Phòng | M44: =D44-WEEKDAY(D44,2)+1 -> 46146 | N44: 2026-05
A45: Mess - Cho thuê phòng - 27.09.2024 | B45: Interest [18-55] | C45: ThuePhong_Album_ThuePhongGiaTot_0622_0460 | D45: 46145 | E45: 620 | F45: 843 | G45: 1.7793594 | H45: 1 | I45: 128958 | J45: 128958 | K45: =IF(C45="","",C45&" | "&B45) -> ThuePhong_Album_ThuePhongGiaTot_0622_0460 | Interest [18-55] | L45: {=IF(C45="","",IFERROR(VLOOKUP(IFERROR(LEFT(C45,FIND("_",C45)-1),C45),Mapping!$A:$B,2,FALSE),"DEFAULT"))} -> Thuê Phòng | M45: =D45-WEEKDAY(D45,2)+1 -> 46139 | N45: 2026-05
A46: Mess - Cho thuê phòng - 27.09.2024 | B46: HCM [18-55] | C46: ThuePhong_Album_UuDaiPhongTraining_0622_5833 | D46: 46145 | E46: 1013 | F46: 1647 | G46: 2.3679417 | H46: 1 | I46: 198859 | J46: 198859 | K46: =IF(C46="","",C46&" | "&B46) -> ThuePhong_Album_UuDaiPhongTraining_0622_5833 | HCM [18-55] | L46: {=IF(C46="","",IFERROR(VLOOKUP(IFERROR(LEFT(C46,FIND("_",C46)-1),C46),Mapping!$A:$B,2,FALSE),"DEFAULT"))} -> Thuê Phòng | M46: =D46-WEEKDAY(D46,2)+1 -> 46139 | N46: 2026-05
A47: Mess - Cho thuê phòng - 27.09.2024 | B47: HCM [18-55] | C47: ThuePhong_Album_ThuePhongGiaTot_0622_0460 | D47: 46144 | E47: 207 | F47: 249 | G47: 2.4096385 | J47: 23893 | K47: =IF(C47="","",C47&" | "&B47) -> ThuePhong_Album_ThuePhongGiaTot_0622_0460 | HCM [18-55] | L47: {=IF(C47="","",IFERROR(VLOOKUP(IFERROR(LEFT(C47,FIND("_",C47)-1),C47),Mapping!$A:$B,2,FALSE),"DEFAULT"))} -> Thuê Phòng | M47: =D47-WEEKDAY(D47,2)+1 -> 46139 | N47: 2026-05
A48: Mess - Cho thuê phòng - 27.09.2024 | B48: HCM [18-55] | C48: ThuePhong_Album_UuDaiPhongTraining_0622_5833 | D48: 46144 | E48: 1330 | F48: 1941 | G48: 1.7516744 | H48: 2 | I48: 76704 | J48: 153408 | K48: =IF(C48="","",C48&" | "&B48) -> ThuePhong_Album_UuDaiPhongTraining_0622_5833 | HCM [18-55] | L48: {=IF(C48="","",IFERROR(VLOOKUP(IFERROR(LEFT(C48,FIND("_",C48)-1),C48),Mapping!$A:$B,2,FALSE),"DEFAULT"))} -> Thuê Phòng | M48: =D48-WEEKDAY(D48,2)+1 -> 46139 | N48: 2026-05
A49: Mess - Cho thuê phòng - 27.09.2024 | B49: Interest [18-55] | C49: ThuePhong_Album_ThuePhongGiaTot_0622_0460 | D49: 46144 | E49: 248 | F49: 275 | G49: 2.5454546 | J49: 12579 | K49: =IF(C49="","",C49&" | "&B49) -> ThuePhong_Album_ThuePhongGiaTot_0622_0460 | Interest [18-55] | L49: {=IF(C49="","",IFERROR(VLOOKUP(IFERROR(LEFT(C49,FIND("_",C49)-1),C49),Mapping!$A:$B,2,FALSE),"DEFAULT"))} -> Thuê Phòng | M49: =D49-WEEKDAY(D49,2)+1 -> 46139 | N49: 2026-05
A50: Mess - Cho thuê phòng - 27.09.2024 | B50: HCM [18-55] | C50: ThuePhong_Album_ThuePhongGiaTot_0622_0460 | D50: 46143 | E50: 1823 | F50: 2495 | G50: 1.9639279 | J50: 283393 | K50: =IF(C50="","",C50&" | "&B50) -> ThuePhong_Album_ThuePhongGiaTot_0622_0460 | HCM [18-55] | L50: {=IF(C50="","",IFERROR(VLOOKUP(IFERROR(LEFT(C50,FIND("_",C50)-1),C50),Mapping!$A:$B,2,FALSE),"DEFAULT"))} -> Thuê Phòng | M50: =D50-WEEKDAY(D50,2)+1 -> 46139 | N50: 2026-05
A51: Mess - Cho thuê phòng - 27.09.2024 | B51: HCM [18-55] | C51: ThuePhong_Album_ThuePhongGiaTot_0622_0460 | D51: 46142 | E51: 988 | F51: 1363 | G51: 2.4211299 | H51: 1 | I51: 132722 | J51: 132722 | K51: =IF(C51="","",C51&" | "&B51) -> ThuePhong_Album_ThuePhongGiaTot_0622_0460 | HCM [18-55] | L51: {=IF(C51="","",IFERROR(VLOOKUP(IFERROR(LEFT(C51,FIND("_",C51)-1),C51),Mapping!$A:$B,2,FALSE),"DEFAULT"))} -> Thuê Phòng | M51: =D51-WEEKDAY(D51,2)+1 -> 46139 | N51: 2026-04
A52: Mess - Cho thuê phòng - 27.09.2024 | B52: HCM [18-55] | C52: ThuePhong_Album_ThuePhongGiaTot_0622_0460 | D52: 46141 | E52: 1777 | F52: 2433 | G52: 1.7262639 | H52: 1 | I52: 236758 | J52: 236758 | K52: =IF(C52="","",C52&" | "&B52) -> ThuePhong_Album_ThuePhongGiaTot_0622_0460 | HCM [18-55] | L52: {=IF(C52="","",IFERROR(VLOOKUP(IFERROR(LEFT(C52,FIND("_",C52)-1),C52),Mapping!$A:$B,2,FALSE),"DEFAULT"))} -> Thuê Phòng | M52: =D52-WEEKDAY(D52,2)+1 -> 46139 | N52: 2026-04
A53: Mess - Cho thuê phòng - 27.09.2024 | B53: HCM [18-55] | C53: ThuePhong_Album_ThuePhongGiaTot_0622_0460 | D53: 46140 | E53: 1808 | F53: 2564 | G53: 1.7940718 | J53: 290015 | K53: =IF(C53="","",C53&" | "&B53) -> ThuePhong_Album_ThuePhongGiaTot_0622_0460 | HCM [18-55] | L53: {=IF(C53="","",IFERROR(VLOOKUP(IFERROR(LEFT(C53,FIND("_",C53)-1),C53),Mapping!$A:$B,2,FALSE),"DEFAULT"))} -> Thuê Phòng | M53: =D53-WEEKDAY(D53,2)+1 -> 46139 | N53: 2026-04
A54: Mess - Cho thuê phòng - 27.09.2024 | B54: HCM [18-55] | C54: ThuePhong_Album_ThuePhongGiaTot_0622_0460 | D54: 46139 | E54: 1324 | F54: 1883 | G54: 2.2304833 | H54: 4 | I54: 66139 | J54: 264556 | K54: =IF(C54="","",C54&" | "&B54) -> ThuePhong_Album_ThuePhongGiaTot_0622_0460 | HCM [18-55] | L54: {=IF(C54="","",IFERROR(VLOOKUP(IFERROR(LEFT(C54,FIND("_",C54)-1),C54),Mapping!$A:$B,2,FALSE),"DEFAULT"))} -> Thuê Phòng | M54: =D54-WEEKDAY(D54,2)+1 -> 46139 | N54: 2026-04
A55: Mess - Cho thuê phòng - 27.09.2024 | B55: HCM [18-55] | C55: ThuePhong_Album_ThuePhongGiaTot_0622_0460 | D55: 46138 | E55: 835 | F55: 1230 | G55: 2.8455285 | H55: 4 | I55: 43936.25 | J55: 175745 | K55: =IF(C55="","",C55&" | "&B55) -> ThuePhong_Album_ThuePhongGiaTot_0622_0460 | HCM [18-55] | L55: {=IF(C55="","",IFERROR(VLOOKUP(IFERROR(LEFT(C55,FIND("_",C55)-1),C55),Mapping!$A:$B,2,FALSE),"DEFAULT"))} -> Thuê Phòng | M55: =D55-WEEKDAY(D55,2)+1 -> 46132 | N55: 2026-04
A56: Mess - Cho thuê phòng - 27.09.2024 | B56: HCM [18-55] | C56: ThuePhong_Album_ThuePhongGiaTot_0622_0460 | D56: 46137 | E56: 341 | F56: 456 | G56: 2.4122807 | J56: 85365 | K56: =IF(C56="","",C56&" | "&B56) -> ThuePhong_Album_ThuePhongGiaTot_0622_0460 | HCM [18-55] | L56: {=IF(C56="","",IFERROR(VLOOKUP(IFERROR(LEFT(C56,FIND("_",C56)-1),C56),Mapping!$A:$B,2,FALSE),"DEFAULT"))} -> Thuê Phòng | M56: =D56-WEEKDAY(D56,2)+1 -> 46132 | N56: 2026-04
A57: Mess - Cho thuê phòng - 27.09.2024 | B57: HCM [18-55] | C57: ThuePhong_Album_ThuePhongGiaTot_0622_0460 | D57: 46136 | E57: 1266 | F57: 1795 | G57: 2.3955432 | H57: 1 | I57: 271667 | J57: 271667 | K57: =IF(C57="","",C57&" | "&B57) -> ThuePhong_Album_ThuePhongGiaTot_0622_0460 | HCM [18-55] | L57: {=IF(C57="","",IFERROR(VLOOKUP(IFERROR(LEFT(C57,FIND("_",C57)-1),C57),Mapping!$A:$B,2,FALSE),"DEFAULT"))} -> Thuê Phòng | M57: =D57-WEEKDAY(D57,2)+1 -> 46132 | N57: 2026-04
A58: Mess - Cho thuê phòng - 27.09.2024 | B58: HCM [18-55] | C58: ThuePhong_Album_ThuePhongGiaTot_0622_0460 | D58: 46135 | E58: 1247 | F58: 1768 | G58: 1.9230769 | J58: 216338 | K58: =IF(C58="","",C58&" | "&B58) -> ThuePhong_Album_ThuePhongGiaTot_0622_0460 | HCM [18-55] | L58: {=IF(C58="","",IFERROR(VLOOKUP(IFERROR(LEFT(C58,FIND("_",C58)-1),C58),Mapping!$A:$B,2,FALSE),"DEFAULT"))} -> Thuê Phòng | M58: =D58-WEEKDAY(D58,2)+1 -> 46132 | N58: 2026-04
A59: Mess - Cho thuê phòng - 27.09.2024 | B59: HCM [18-55] | C59: ThuePhong_Album_ThuePhongGiaTot_0622_0460 | D59: 46134 | E59: 1328 | F59: 2139 | G59: 1.8232819 | H59: 3 | I59: 79758.667 | J59: 239276 | K59: =IF(C59="","",C59&" | "&B59) -> ThuePhong_Album_ThuePhongGiaTot_0622_0460 | HCM [18-55] | L59: {=IF(C59="","",IFERROR(VLOOKUP(IFERROR(LEFT(C59,FIND("_",C59)-1),C59),Mapping!$A:$B,2,FALSE),"DEFAULT"))} -> Thuê Phòng | M59: =D59-WEEKDAY(D59,2)+1 -> 46132 | N59: 2026-04
A60: Mess - Cho thuê phòng - 27.09.2024 | B60: HCM [18-55] | C60: ThuePhong_Album_ThuePhongGiaTot_0622_0460 | D60: 46133 | E60: 995 | F60: 1437 | G60: 1.322199 | H60: 4 | I60: 65883.25 | J60: 263533 | K60: =IF(C60="","",C60&" | "&B60) -> ThuePhong_Album_ThuePhongGiaTot_0622_0460 | HCM [18-55] | L60: {=IF(C60="","",IFERROR(VLOOKUP(IFERROR(LEFT(C60,FIND("_",C60)-1),C60),Mapping!$A:$B,2,FALSE),"DEFAULT"))} -> Thuê Phòng | M60: =D60-WEEKDAY(D60,2)+1 -> 46132 | N60: 2026-04
A61: [Mess] EduCRM - Dùng thử - 20.09.2022 | B61: Retarget + Lookalike [22-60] | C61: EduCRM_Album_DungThu90Ngay_0922_4682 | D61: 46162 | E61: 2132 | F61: 3089 | G61: 1.2301716 | J61: 145957 | K61: =IF(C61="","",C61&" | "&B61) -> EduCRM_Album_DungThu90Ngay_0922_4682 | Retarget + Lookalike [22-60] | L61: {=IF(C61="","",IFERROR(VLOOKUP(IFERROR(LEFT(C61,FIND("_",C61)-1),C61),Mapping!$A:$B,2,FALSE),"DEFAULT"))} -> EduCRM | M61: =D61-WEEKDAY(D61,2)+1 -> 46160 | N61: 2026-05
A62: [Mess] EduCRM - Dùng thử - 20.09.2022 | B62: Interest - Công nghệ [22-60] | C62: EduCRM_Photo_CamNhanChuDN_0922_9359 | D62: 46162 | E62: 3765 | F62: 4358 | G62: 0.57365764 | H62: 1 | I62: 110519 | J62: 110519 | K62: =IF(C62="","",C62&" | "&B62) -> EduCRM_Photo_CamNhanChuDN_0922_9359 | Interest - Công nghệ [22-60] | L62: {=IF(C62="","",IFERROR(VLOOKUP(IFERROR(LEFT(C62,FIND("_",C62)-1),C62),Mapping!$A:$B,2,FALSE),"DEFAULT"))} -> EduCRM | M62: =D62-WEEKDAY(D62,2)+1 -> 46160 | N62: 2026-05
A63: [Mess] EduCRM - Dùng thử - 20.09.2022 | B63: Retarget + Lookalike [22-60] | C63: EduCRM_Album_DungThu90Ngay_0922_4682 | D63: 46161 | E63: 3559 | F63: 5498 | G63: 1.1822481 | H63: 2 | I63: 112816.5 | J63: 225633 | K63: =IF(C63="","",C63&" | "&B63) -> EduCRM_Album_DungThu90Ngay_0922_4682 | Retarget + Lookalike [22-60] | L63: {=IF(C63="","",IFERROR(VLOOKUP(IFERROR(LEFT(C63,FIND("_",C63)-1),C63),Mapping!$A:$B,2,FALSE),"DEFAULT"))} -> EduCRM | M63: =D63-WEEKDAY(D63,2)+1 -> 46160 | N63: 2026-05
A64: [Mess] EduCRM - Dùng thử - 20.09.2022 | B64: Interest - Công nghệ [22-60] | C64: EduCRM_Photo_CamNhanChuDN_0922_9359 | D64: 46161 | E64: 4172 | F64: 4762 | G64: 1.0709786 | H64: 1 | I64: 109460 | J64: 109460 | K64: =IF(C64="","",C64&" | "&B64) -> EduCRM_Photo_CamNhanChuDN_0922_9359 | Interest - Công nghệ [22-60] | L64: {=IF(C64="","",IFERROR(VLOOKUP(IFERROR(LEFT(C64,FIND("_",C64)-1),C64),Mapping!$A:$B,2,FALSE),"DEFAULT"))} -> EduCRM | M64: =D64-WEEKDAY(D64,2)+1 -> 46160 | N64: 2026-05
A65: [Mess] EduCRM - Dùng thử - 20.09.2022 | B65: Retarget + Lookalike [22-60] | C65: EduCRM_Album_DungThu90Ngay_0922_4682 | D65: 46160 | E65: 2550 | F65: 3669 | G65: 1.5263014 | H65: 2 | I65: 63220.5 | J65: 126441 | K65: =IF(C65="","",C65&" | "&B65) -> EduCRM_Album_DungThu90Ngay_0922_4682 | Retarget + Lookalike [22-60] | L65: {=IF(C65="","",IFERROR(VLOOKUP(IFERROR(LEFT(C65,FIND("_",C65)-1),C65),Mapping!$A:$B,2,FALSE),"DEFAULT"))} -> EduCRM | M65: =D65-WEEKDAY(D65,2)+1 -> 46160 | N65: 2026-05
A66: [Mess] EduCRM - Dùng thử - 20.09.2022 | B66: Interest - Công nghệ [22-60] | C66: EduCRM_Photo_CamNhanChuDN_0922_9359 | D66: 46160 | E66: 11565 | F66: 13753 | G66: 0.63986039 | H66: 3 | I66: 79447.333 | J66: 238342 | K66: =IF(C66="","",C66&" | "&B66) -> EduCRM_Photo_CamNhanChuDN_0922_9359 | Interest - Công nghệ [22-60] | L66: {=IF(C66="","",IFERROR(VLOOKUP(IFERROR(LEFT(C66,FIND("_",C66)-1),C66),Mapping!$A:$B,2,FALSE),"DEFAULT"))} -> EduCRM | M66: =D66-WEEKDAY(D66,2)+1 -> 46160 | N66: 2026-05
A67: [Mess] EduCRM - Dùng thử - 20.09.2022 | B67: Retarget + Lookalike [22-60] | C67: EduCRM_Album_DungThu90Ngay_0922_4682 | D67: 46159 | E67: 1414 | F67: 2036 | G67: 0.7367387 | J67: 91043 | K67: =IF(C67="","",C67&" | "&B67) -> EduCRM_Album_DungThu90Ngay_0922_4682 | Retarget + Lookalike [22-60] | L67: {=IF(C67="","",IFERROR(VLOOKUP(IFERROR(LEFT(C67,FIND("_",C67)-1),C67),Mapping!$A:$B,2,FALSE),"DEFAULT"))} -> EduCRM | M67: =D67-WEEKDAY(D67,2)+1 -> 46153 | N67: 2026-05
A68: [Mess] EduCRM - Dùng thử - 20.09.2022 | B68: Interest - Công nghệ [22-60] | C68: EduCRM_Photo_CamNhanChuDN_0922_9359 | D68: 46159 | E68: 8861 | F68: 10519 | G68: 0.42779732 | H68: 2 | I68: 110349.5 | J68: 220699 | K68: =IF(C68="","",C68&" | "&B68) -> EduCRM_Photo_CamNhanChuDN_0922_9359 | Interest - Công nghệ [22-60] | L68: {=IF(C68="","",IFERROR(VLOOKUP(IFERROR(LEFT(C68,FIND("_",C68)-1),C68),Mapping!$A:$B,2,FALSE),"DEFAULT"))} -> EduCRM | M68: =D68-WEEKDAY(D68,2)+1 -> 46153 | N68: 2026-05
A69: [Mess] EduCRM - Dùng thử - 20.09.2022 | B69: Interest - Công nghệ [22-60] | C69: EduCRM_Photo_CamNhanChuDN_0922_9359 | D69: 46158 | E69: 2874 | F69: 3180 | G69: 0.66037736 | H69: 1 | I69: 120920 | J69: 120920 | K69: =IF(C69="","",C69&" | "&B69) -> EduCRM_Photo_CamNhanChuDN_0922_9359 | Interest - Công nghệ [22-60] | L69: {=IF(C69="","",IFERROR(VLOOKUP(IFERROR(LEFT(C69,FIND("_",C69)-1),C69),Mapping!$A:$B,2,FALSE),"DEFAULT"))} -> EduCRM | M69: =D69-WEEKDAY(D69,2)+1 -> 46153 | N69: 2026-05
A70: [Mess] EduCRM - Dùng thử - 20.09.2022 | B70: Retarget + Lookalike [22-60] | C70: EduCRM_Album_DungThu90Ngay_0922_4682 | D70: 46158 | E70: 1994 | F70: 2942 | G70: 1.1216859 | H70: 2 | I70: 76127.5 | J70: 152255 | K70: =IF(C70="","",C70&" | "&B70) -> EduCRM_Album_DungThu90Ngay_0922_4682 | Retarget + Lookalike [22-60] | L70: {=IF(C70="","",IFERROR(VLOOKUP(IFERROR(LEFT(C70,FIND("_",C70)-1),C70),Mapping!$A:$B,2,FALSE),"DEFAULT"))} -> EduCRM | M70: =D70-WEEKDAY(D70,2)+1 -> 46153 | N70: 2026-05
A71: [Mess] EduCRM - Dùng thử - 20.09.2022 | B71: Interest - Công nghệ [22-60] | C71: EduCRM_Photo_CamNhanChuDN_0922_9359 | D71: 46157 | E71: 1191 | F71: 1410 | G71: 0.42553191 | H71: 1 | I71: 52747 | J71: 52747 | K71: =IF(C71="","",C71&" | "&B71) -> EduCRM_Photo_CamNhanChuDN_0922_9359 | Interest - Công nghệ [22-60] | L71: {=IF(C71="","",IFERROR(VLOOKUP(IFERROR(LEFT(C71,FIND("_",C71)-1),C71),Mapping!$A:$B,2,FALSE),"DEFAULT"))} -> EduCRM | M71: =D71-WEEKDAY(D71,2)+1 -> 46153 | N71: 2026-05
A72: [Mess] EduCRM - Dùng thử - 20.09.2022 | B72: Retarget + Lookalike [22-60] | C72: EduCRM_Album_DungThu90Ngay_0922_4682 | D72: 46157 | E72: 3487 | F72: 5857 | G72: 1.2292983 | H72: 3 | I72: 94261.333 | J72: 282784 | K72: =IF(C72="","",C72&" | "&B72) -> EduCRM_Album_DungThu90Ngay_0922_4682 | Retarget + Lookalike [22-60] | L72: {=IF(C72="","",IFERROR(VLOOKUP(IFERROR(LEFT(C72,FIND("_",C72)-1),C72),Mapping!$A:$B,2,FALSE),"DEFAULT"))} -> EduCRM | M72: =D72-WEEKDAY(D72,2)+1 -> 46153 | N72: 2026-05
A73: [Mess] EduCRM - Dùng thử - 20.09.2022 | B73: Retarget + Lookalike [22-60] | C73: EduCRM_Album_DungThu90Ngay_0922_4682 | D73: 46156 | E73: 2306 | F73: 3525 | G73: 1.2765957 | J73: 190208 | K73: =IF(C73="","",C73&" | "&B73) -> EduCRM_Album_DungThu90Ngay_0922_4682 | Retarget + Lookalike [22-60] | L73: {=IF(C73="","",IFERROR(VLOOKUP(IFERROR(LEFT(C73,FIND("_",C73)-1),C73),Mapping!$A:$B,2,FALSE),"DEFAULT"))} -> EduCRM | M73: =D73-WEEKDAY(D73,2)+1 -> 46153 | N73: 2026-05
A74: [Mess] EduCRM - Dùng thử - 20.09.2022 | B74: Interest - Công nghệ [22-60] | C74: EduCRM_Photo_CamNhanChuDN_0922_9359 | D74: 46156 | E74: 866 | F74: 1183 | G74: 1.6906171 | H74: 1 | I74: 54864 | J74: 54864 | K74: =IF(C74="","",C74&" | "&B74) -> EduCRM_Photo_CamNhanChuDN_0922_9359 | Interest - Công nghệ [22-60] | L74: {=IF(C74="","",IFERROR(VLOOKUP(IFERROR(LEFT(C74,FIND("_",C74)-1),C74),Mapping!$A:$B,2,FALSE),"DEFAULT"))} -> EduCRM | M74: =D74-WEEKDAY(D74,2)+1 -> 46153 | N74: 2026-05
A75: [Mess] EduCRM - Dùng thử - 20.09.2022 | B75: Retarget + Lookalike [22-60] | C75: EduCRM_Album_DungThu90Ngay_0922_4682 | D75: 46155 | E75: 1266 | F75: 1710 | G75: 1.2280702 | H75: 1 | I75: 82818 | J75: 82818 | K75: =IF(C75="","",C75&" | "&B75) -> EduCRM_Album_DungThu90Ngay_0922_4682 | Retarget + Lookalike [22-60] | L75: {=IF(C75="","",IFERROR(VLOOKUP(IFERROR(LEFT(C75,FIND("_",C75)-1),C75),Mapping!$A:$B,2,FALSE),"DEFAULT"))} -> EduCRM | M75: =D75-WEEKDAY(D75,2)+1 -> 46153 | N75: 2026-05
A76: [Mess] EduCRM - Dùng thử - 20.09.2022 | B76: Interest - Công nghệ [22-60] | C76: EduCRM_Photo_CamNhanChuDN_0922_9359 | D76: 46155 | E76: 287 | F76: 345 | G76: 1.4492754 | J76: 14741 | K76: =IF(C76="","",C76&" | "&B76) -> EduCRM_Photo_CamNhanChuDN_0922_9359 | Interest - Công nghệ [22-60] | L76: {=IF(C76="","",IFERROR(VLOOKUP(IFERROR(LEFT(C76,FIND("_",C76)-1),C76),Mapping!$A:$B,2,FALSE),"DEFAULT"))} -> EduCRM | M76: =D76-WEEKDAY(D76,2)+1 -> 46153 | N76: 2026-05
A77: [Mess] EduCRM - Dùng thử - 20.09.2022 | B77: Interest - Công nghệ [22-60] | C77: EduCRM_Photo_CamNhanChuDN_0922_9359 | D77: 46154 | E77: 142 | F77: 158 | G77: 0 | J77: 12581 | K77: =IF(C77="","",C77&" | "&B77) -> EduCRM_Photo_CamNhanChuDN_0922_9359 | Interest - Công nghệ [22-60] | L77: {=IF(C77="","",IFERROR(VLOOKUP(IFERROR(LEFT(C77,FIND("_",C77)-1),C77),Mapping!$A:$B,2,FALSE),"DEFAULT"))} -> EduCRM | M77: =D77-WEEKDAY(D77,2)+1 -> 46153 | N77: 2026-05
A78: [Mess] EduCRM - Dùng thử - 20.09.2022 | B78: Interest - Công nghệ [22-60] | C78: EduCRM_Photo_CamNhanChuDN_0922_9359 | D78: 46152 | E78: 200 | F78: 228 | G78: 0.43859649 | J78: 8495 | K78: =IF(C78="","",C78&" | "&B78) -> EduCRM_Photo_CamNhanChuDN_0922_9359 | Interest - Công nghệ [22-60] | L78: {=IF(C78="","",IFERROR(VLOOKUP(IFERROR(LEFT(C78,FIND("_",C78)-1),C78),Mapping!$A:$B,2,FALSE),"DEFAULT"))} -> EduCRM | M78: =D78-WEEKDAY(D78,2)+1 -> 46146 | N78: 2026-05
A79: [Mess] EduCRM - Dùng thử - 20.09.2022 | B79: Interest - Công nghệ [22-60] | C79: EduCRM_Photo_CamNhanChuDN_0922_9359 | D79: 46150 | E79: 19 | F79: 21 | G79: 0 | J79: 635 | K79: =IF(C79="","",C79&" | "&B79) -> EduCRM_Photo_CamNhanChuDN_0922_9359 | Interest - Công nghệ [22-60] | L79: {=IF(C79="","",IFERROR(VLOOKUP(IFERROR(LEFT(C79,FIND("_",C79)-1),C79),Mapping!$A:$B,2,FALSE),"DEFAULT"))} -> EduCRM | M79: =D79-WEEKDAY(D79,2)+1 -> 46146 | N79: 2026-05
A80: [Mess] EduCRM - Dùng thử - 20.09.2022 | B80: Retarget + Lookalike [22-60] | C80: EduCRM_Album_DungThu90Ngay_0922_4682 | D80: 46147 | E80: 1335 | F80: 1701 | G80: 1.4697237 | H80: 1 | I80: 62054 | J80: 62054 | K80: =IF(C80="","",C80&" | "&B80) -> EduCRM_Album_DungThu90Ngay_0922_4682 | Retarget + Lookalike [22-60] | L80: {=IF(C80="","",IFERROR(VLOOKUP(IFERROR(LEFT(C80,FIND("_",C80)-1),C80),Mapping!$A:$B,2,FALSE),"DEFAULT"))} -> EduCRM | M80: =D80-WEEKDAY(D80,2)+1 -> 46146 | N80: 2026-05
A81: [Mess] EduCRM - Dùng thử - 20.09.2022 | B81: Interest - Công nghệ [22-60] | C81: EduCRM_Photo_CamNhanChuDN_0922_9359 | D81: 46147 | E81: 983 | F81: 1239 | G81: 0.88781275 | H81: 1 | I81: 36620 | J81: 36620 | K81: =IF(C81="","",C81&" | "&B81) -> EduCRM_Photo_CamNhanChuDN_0922_9359 | Interest - Công nghệ [22-60] | L81: {=IF(C81="","",IFERROR(VLOOKUP(IFERROR(LEFT(C81,FIND("_",C81)-1),C81),Mapping!$A:$B,2,FALSE),"DEFAULT"))} -> EduCRM | M81: =D81-WEEKDAY(D81,2)+1 -> 46146 | N81: 2026-05
A82: [Mess] EduCRM - Dùng thử - 20.09.2022 | B82: Retarget + Lookalike [22-60] | C82: EduCRM_Album_DungThu90Ngay_0922_4682 | D82: 46146 | E82: 3396 | F82: 4764 | G82: 1.7002519 | J82: 226610 | K82: =IF(C82="","",C82&" | "&B82) -> EduCRM_Album_DungThu90Ngay_0922_4682 | Retarget + Lookalike [22-60] | L82: {=IF(C82="","",IFERROR(VLOOKUP(IFERROR(LEFT(C82,FIND("_",C82)-1),C82),Mapping!$A:$B,2,FALSE),"DEFAULT"))} -> EduCRM | M82: =D82-WEEKDAY(D82,2)+1 -> 46146 | N82: 2026-05
A83: [Mess] EduCRM - Dùng thử - 20.09.2022 | B83: Interest - Công nghệ [22-60] | C83: EduCRM_Photo_CamNhanChuDN_0922_9359 | D83: 46146 | E83: 1212 | F83: 1584 | G83: 1.3257576 | J83: 43157 | K83: =IF(C83="","",C83&" | "&B83) -> EduCRM_Photo_CamNhanChuDN_0922_9359 | Interest - Công nghệ [22-60] | L83: {=IF(C83="","",IFERROR(VLOOKUP(IFERROR(LEFT(C83,FIND("_",C83)-1),C83),Mapping!$A:$B,2,FALSE),"DEFAULT"))} -> EduCRM | M83: =D83-WEEKDAY(D83,2)+1 -> 46146 | N83: 2026-05
A84: [Mess] EduCRM - Dùng thử - 20.09.2022 | B84: Retarget + Lookalike [22-60] | C84: EduCRM_Album_DungThu90Ngay_0922_4682 | D84: 46145 | E84: 4448 | F84: 6529 | G84: 1.1946699 | J84: 189520 | K84: =IF(C84="","",C84&" | "&B84) -> EduCRM_Album_DungThu90Ngay_0922_4682 | Retarget + Lookalike [22-60] | L84: {=IF(C84="","",IFERROR(VLOOKUP(IFERROR(LEFT(C84,FIND("_",C84)-1),C84),Mapping!$A:$B,2,FALSE),"DEFAULT"))} -> EduCRM | M84: =D84-WEEKDAY(D84,2)+1 -> 46139 | N84: 2026-05
A85: [Mess] EduCRM - Dùng thử - 20.09.2022 | B85: Interest - Công nghệ [22-60] | C85: EduCRM_Photo_CamNhanChuDN_0922_9359 | D85: 46145 | E85: 1554 | F85: 2031 | G85: 1.1816839 | H85: 1 | I85: 48531 | J85: 48531 | K85: =IF(C85="","",C85&" | "&B85) -> EduCRM_Photo_CamNhanChuDN_0922_9359 | Interest - Công nghệ [22-60] | L85: {=IF(C85="","",IFERROR(VLOOKUP(IFERROR(LEFT(C85,FIND("_",C85)-1),C85),Mapping!$A:$B,2,FALSE),"DEFAULT"))} -> EduCRM | M85: =D85-WEEKDAY(D85,2)+1 -> 46139 | N85: 2026-05
A86: [Mess] EduCRM - Dùng thử - 20.09.2022 | B86: Retarget + Lookalike [22-60] | C86: EduCRM_Album_DungThu90Ngay_0922_4682 | D86: 46144 | E86: 4806 | F86: 6244 | G86: 1.2171685 | J86: 141154 | K86: =IF(C86="","",C86&" | "&B86) -> EduCRM_Album_DungThu90Ngay_0922_4682 | Retarget + Lookalike [22-60] | L86: {=IF(C86="","",IFERROR(VLOOKUP(IFERROR(LEFT(C86,FIND("_",C86)-1),C86),Mapping!$A:$B,2,FALSE),"DEFAULT"))} -> EduCRM | M86: =D86-WEEKDAY(D86,2)+1 -> 46139 | N86: 2026-05
A87: [Mess] EduCRM - Dùng thử - 20.09.2022 | B87: Interest - Công nghệ [22-60] | C87: EduCRM_Photo_CamNhanChuDN_0922_9359 | D87: 46144 | E87: 2002 | F87: 2357 | G87: 1.4425117 | J87: 51570 | K87: =IF(C87="","",C87&" | "&B87) -> EduCRM_Photo_CamNhanChuDN_0922_9359 | Interest - Công nghệ [22-60] | L87: {=IF(C87="","",IFERROR(VLOOKUP(IFERROR(LEFT(C87,FIND("_",C87)-1),C87),Mapping!$A:$B,2,FALSE),"DEFAULT"))} -> EduCRM | M87: =D87-WEEKDAY(D87,2)+1 -> 46139 | N87: 2026-05
A88: [Mess] EduCRM - Dùng thử - 20.09.2022 | B88: Retarget + Lookalike [22-60] | C88: EduCRM_Album_DungThu90Ngay_0922_4682 | D88: 46143 | E88: 6211 | F88: 7969 | G88: 1.3928975 | H88: 1 | I88: 188455 | J88: 188455 | K88: =IF(C88="","",C88&" | "&B88) -> EduCRM_Album_DungThu90Ngay_0922_4682 | Retarget + Lookalike [22-60] | L88: {=IF(C88="","",IFERROR(VLOOKUP(IFERROR(LEFT(C88,FIND("_",C88)-1),C88),Mapping!$A:$B,2,FALSE),"DEFAULT"))} -> EduCRM | M88: =D88-WEEKDAY(D88,2)+1 -> 46139 | N88: 2026-05
A89: [Mess] EduCRM - Dùng thử - 20.09.2022 | B89: Interest - Công nghệ [22-60] | C89: EduCRM_Photo_CamNhanChuDN_0922_9359 | D89: 46143 | E89: 2045 | F89: 2365 | G89: 1.564482 | J89: 41541 | K89: =IF(C89="","",C89&" | "&B89) -> EduCRM_Photo_CamNhanChuDN_0922_9359 | Interest - Công nghệ [22-60] | L89: {=IF(C89="","",IFERROR(VLOOKUP(IFERROR(LEFT(C89,FIND("_",C89)-1),C89),Mapping!$A:$B,2,FALSE),"DEFAULT"))} -> EduCRM | M89: =D89-WEEKDAY(D89,2)+1 -> 46139 | N89: 2026-05
A90: [Mess] EduCRM - Dùng thử - 20.09.2022 | B90: Retarget + Lookalike [22-60] | C90: EduCRM_Album_DungThu90Ngay_0922_4682 | D90: 46142 | E90: 3475 | F90: 5087 | G90: 1.1401612 | H90: 2 | I90: 98327 | J90: 196654 | K90: =IF(C90="","",C90&" | "&B90) -> EduCRM_Album_DungThu90Ngay_0922_4682 | Retarget + Lookalike [22-60] | L90: {=IF(C90="","",IFERROR(VLOOKUP(IFERROR(LEFT(C90,FIND("_",C90)-1),C90),Mapping!$A:$B,2,FALSE),"DEFAULT"))} -> EduCRM | M90: =D90-WEEKDAY(D90,2)+1 -> 46139 | N90: 2026-04
A91: [Mess] EduCRM - Dùng thử - 20.09.2022 | B91: Interest - Công nghệ [22-60] | C91: EduCRM_Photo_CamNhanChuDN_0922_9359 | D91: 46142 | E91: 1073 | F91: 1282 | G91: 1.0140406 | J91: 33297 | K91: =IF(C91="","",C91&" | "&B91) -> EduCRM_Photo_CamNhanChuDN_0922_9359 | Interest - Công nghệ [22-60] | L91: {=IF(C91="","",IFERROR(VLOOKUP(IFERROR(LEFT(C91,FIND("_",C91)-1),C91),Mapping!$A:$B,2,FALSE),"DEFAULT"))} -> EduCRM | M91: =D91-WEEKDAY(D91,2)+1 -> 46139 | N91: 2026-04
A92: [Mess] EduCRM - Dùng thử - 20.09.2022 | B92: Retarget + Lookalike [22-60] | C92: EduCRM_Album_DungThu90Ngay_0922_4682 | D92: 46141 | E92: 2810 | F92: 4216 | G92: 1.0673624 | J92: 215084 | K92: =IF(C92="","",C92&" | "&B92) -> EduCRM_Album_DungThu90Ngay_0922_4682 | Retarget + Lookalike [22-60] | L92: {=IF(C92="","",IFERROR(VLOOKUP(IFERROR(LEFT(C92,FIND("_",C92)-1),C92),Mapping!$A:$B,2,FALSE),"DEFAULT"))} -> EduCRM | M92: =D92-WEEKDAY(D92,2)+1 -> 46139 | N92: 2026-04
A93: [Mess] EduCRM - Dùng thử - 20.09.2022 | B93: Interest - Công nghệ [22-60] | C93: EduCRM_Photo_CamNhanChuDN_0922_9359 | D93: 46141 | E93: 371 | F93: 536 | G93: 1.6791045 | J93: 24700 | K93: =IF(C93="","",C93&" | "&B93) -> EduCRM_Photo_CamNhanChuDN_0922_9359 | Interest - Công nghệ [22-60] | L93: {=IF(C93="","",IFERROR(VLOOKUP(IFERROR(LEFT(C93,FIND("_",C93)-1),C93),Mapping!$A:$B,2,FALSE),"DEFAULT"))} -> EduCRM | M93: =D93-WEEKDAY(D93,2)+1 -> 46139 | N93: 2026-04
A94: [Mess] EduCRM - Dùng thử - 20.09.2022 | B94: Retarget + Lookalike [22-60] | C94: EduCRM_Album_DungThu90Ngay_0922_4682 | D94: 46140 | E94: 4695 | F94: 7047 | G94: 0.89399745 | H94: 1 | I94: 323722 | J94: 323722 | K94: =IF(C94="","",C94&" | "&B94) -> EduCRM_Album_DungThu90Ngay_0922_4682 | Retarget + Lookalike [22-60] | L94: {=IF(C94="","",IFERROR(VLOOKUP(IFERROR(LEFT(C94,FIND("_",C94)-1),C94),Mapping!$A:$B,2,FALSE),"DEFAULT"))} -> EduCRM | M94: =D94-WEEKDAY(D94,2)+1 -> 46139 | N94: 2026-04
A95: [Mess] EduCRM - Dùng thử - 20.09.2022 | B95: Interest - Công nghệ [22-60] | C95: EduCRM_Photo_CamNhanChuDN_0922_9359 | D95: 46140 | E95: 565 | F95: 660 | G95: 0.90909091 | H95: 1 | I95: 23554 | J95: 23554 | K95: =IF(C95="","",C95&" | "&B95) -> EduCRM_Photo_CamNhanChuDN_0922_9359 | Interest - Công nghệ [22-60] | L95: {=IF(C95="","",IFERROR(VLOOKUP(IFERROR(LEFT(C95,FIND("_",C95)-1),C95),Mapping!$A:$B,2,FALSE),"DEFAULT"))} -> EduCRM | M95: =D95-WEEKDAY(D95,2)+1 -> 46139 | N95: 2026-04
A96: [Mess] EduCRM - Dùng thử - 20.09.2022 | B96: Interest - Công nghệ [22-60] | C96: EduCRM_Photo_CamNhanChuDN_0922_9359 | D96: 46139 | E96: 454 | F96: 596 | G96: 1.1744966 | J96: 22592 | K96: =IF(C96="","",C96&" | "&B96) -> EduCRM_Photo_CamNhanChuDN_0922_9359 | Interest - Công nghệ [22-60] | L96: {=IF(C96="","",IFERROR(VLOOKUP(IFERROR(LEFT(C96,FIND("_",C96)-1),C96),Mapping!$A:$B,2,FALSE),"DEFAULT"))} -> EduCRM | M96: =D96-WEEKDAY(D96,2)+1 -> 46139 | N96: 2026-04
A97: [Mess] EduCRM - Dùng thử - 20.09.2022 | B97: Retarget + Lookalike [22-60] | C97: EduCRM_Album_DungThu90Ngay_0922_4682 | D97: 46139 | E97: 2301 | F97: 3561 | G97: 1.151362 | H97: 1 | I97: 250916 | J97: 250916 | K97: =IF(C97="","",C97&" | "&B97) -> EduCRM_Album_DungThu90Ngay_0922_4682 | Retarget + Lookalike [22-60] | L97: {=IF(C97="","",IFERROR(VLOOKUP(IFERROR(LEFT(C97,FIND("_",C97)-1),C97),Mapping!$A:$B,2,FALSE),"DEFAULT"))} -> EduCRM | M97: =D97-WEEKDAY(D97,2)+1 -> 46139 | N97: 2026-04
A98: [Mess] EduCRM - Dùng thử - 20.09.2022 | B98: Retarget + Lookalike [22-60] | C98: EduCRM_Album_DungThu90Ngay_0922_4682 | D98: 46138 | E98: 1684 | F98: 2654 | G98: 1.6201959 | H98: 1 | I98: 218153 | J98: 218153 | K98: =IF(C98="","",C98&" | "&B98) -> EduCRM_Album_DungThu90Ngay_0922_4682 | Retarget + Lookalike [22-60] | L98: {=IF(C98="","",IFERROR(VLOOKUP(IFERROR(LEFT(C98,FIND("_",C98)-1),C98),Mapping!$A:$B,2,FALSE),"DEFAULT"))} -> EduCRM | M98: =D98-WEEKDAY(D98,2)+1 -> 46132 | N98: 2026-04
A99: [Mess] EduCRM - Dùng thử - 20.09.2022 | B99: Interest - Công nghệ [22-60] | C99: EduCRM_Photo_CamNhanChuDN_0922_9359 | D99: 46138 | E99: 263 | F99: 355 | G99: 0.28169014 | J99: 17514 | K99: =IF(C99="","",C99&" | "&B99) -> EduCRM_Photo_CamNhanChuDN_0922_9359 | Interest - Công nghệ [22-60] | L99: {=IF(C99="","",IFERROR(VLOOKUP(IFERROR(LEFT(C99,FIND("_",C99)-1),C99),Mapping!$A:$B,2,FALSE),"DEFAULT"))} -> EduCRM | M99: =D99-WEEKDAY(D99,2)+1 -> 46132 | N99: 2026-04
A100: [Mess] EduCRM - Dùng thử - 20.09.2022 | B100: Retarget + Lookalike [22-60] | C100: EduCRM_Album_DungThu90Ngay_0922_4682 | D100: 46137 | E100: 1875 | F100: 2806 | G100: 1.3542409 | H100: 3 | I100: 69182.667 | J100: 207548 | K100: =IF(C100="","",C100&" | "&B100) -> EduCRM_Album_DungThu90Ngay_0922_4682 | Retarget + Lookalike [22-60] | L100: {=IF(C100="","",IFERROR(VLOOKUP(IFERROR(LEFT(C100,FIND("_",C100)-1),C100),Mapping!$A:$B,2,FALSE),"DEFAULT"))} -> EduCRM | M100: =D100-WEEKDAY(D100,2)+1 -> 46132 | N100: 2026-04
...

Sheet CONTENT_DASHBOARD
A1: Content ID (Ad Name) | B1: Program | C1: Conv 30d | D1: CPL 30d (blended) | E1: Conv 7d | F1: CPL 7d (blended) | G1: CTR 30d (weighted %) | H1: Target CPL | I1: STATUS | J1: ANNOTATION | K1: NOTE | L1: Angle / Hook (điền tay)
A2: =IFERROR(__xludf.DUMMYFUNCTION("SORT(UNIQUE(FILTER(RAW_DATA!C5:C4000,RAW_DATA!C5:C4000<>"""")))"),"CDVBA_Album_DangKyTDChung_0525_3185") -> CDVBA_Album_DangKyTDChung_0525_3185 | B2: {=IFERROR(INDEX(RAW_DATA!$L$5:$L$4000,MATCH(A2,RAW_DATA!$C$5:$C$4000,0)),"DEFAULT")} -> CDVBA | C2: =IFERROR(SUMPRODUCT((RAW_DATA!C$5:C$2000=A2)*(RAW_DATA!D$5:D$2000>=TODAY()-30)*(RAW_DATA!D$5:D$2000<=TODAY()-1)*RAW_DATA!H$5:H$2000),0) -> 2 | D2: =IF($A2="", "", IFERROR(SUMIFS(RAW_DATA!$J$5:$J$5000, RAW_DATA!$C$5:$C$5000, $A2, RAW_DATA!$D$5:$D$5000, ">="&TODAY()-30, RAW_DATA!$D$5:$D$5000, "<="&TODAY()) / $C2, "–")) -> 41238.5 | E2: =IFERROR(SUMIFS(RAW_DATA!$H$5:$H$4000,RAW_DATA!$C$5:$C$4000,$A2,RAW_DATA!$D$5:$D$4000,">="&TODAY()-7,RAW_DATA!$D$5:$D$4000,"<="&TODAY()),0) -> 1 | F2: =IFERROR(SUMIFS(RAW_DATA!$J$5:$J$4000,RAW_DATA!$C$5:$C$4000,A2,RAW_DATA!$D$5:$D$4000,">="&TODAY()-DECISION_RULES!$B$6,RAW_DATA!$D$5:$D$4000,"<="&TODAY())/E2,"–") -> 27596 | G2: =IFERROR(SUMPRODUCT((RAW_DATA!$C$5:$C$5000=A2)*(RAW_DATA!$D$5:$D$4000>=TODAY()-DECISION_RULES!$B$7)*(RAW_DATA!$D$5:$D$4000<=TODAY())*RAW_DATA!$F$5:$F$5000*RAW_DATA!$G$5:$G$5000/100)/SUMIFS(RAW_DATA!$F$5:$F$5000,RAW_DATA!$C$5:$C$5000,A2,RAW_DATA!$D$5:$D$4000,">="&TODAY()-DECISION_RULES!$B$7,RAW_DATA!$D$5:$D$4000,"<="&TODAY())*100,"–") -> 2.6519337 | H2: =IFERROR(VLOOKUP(B2,BENCHMARK!$A:$B,2,FALSE),VLOOKUP("DEFAULT",BENCHMARK!$A:$B,2,FALSE)) -> 180000 | I2: =IF(A2="","-", IF(SUMIFS(RAW_DATA!$J$5:$J$5000,RAW_DATA!$C$5:$C$5000,A2)<DECISION_RULES!$B$5,"CHUA DU DATA", IF(AND(SUMIFS(RAW_DATA!$J$5:$J$5000,RAW_DATA!$C$5:$C$5000,A2)>=DECISION_RULES!$B$5,C2=0,E2=0),"KILL", IF(AND(D2<H2,F2<H2),"SCALE", IF(AND(D2<H2,F2>H2),"WARNING", IF(AND(D2>H2,F2<H2),"TEST","KILL")))))) -> CHUA DU DATA | J2: =IF(A2="","–",IF(I2="KILL",IF(C2=0,"Da chi tieu nhung 0 conv - tat ngay, kiem tra target va content","Ca 30d va 7d deu kem - nen tat hoac thay content moi"),IF(I2="SCALE","30d va 7d deu tot - co the tang budget 20-30%",IF(I2="WARNING","30d tot nhung 7d dang xau - KHONG scale, theo doi them 3 ngay",IF(I2="TEST","30d chua tot nhung 7d dang cai thien - giu nguyen, cho them 3-5 ngay","Chua du du lieu - can chi tieu "&DECISION_RULES!$B$5&" de danh gia chinh xac"))))) -> Chua du du lieu - can chi tieu 100000 de danh gia chinh xac
A3: =IFERROR(__xludf.DUMMYFUNCTION("""COMPUTED_VALUE"""),"CDVBA_Photo_BVVorarlberg_0824_3185") -> CDVBA_Photo_BVVorarlberg_0824_3185 | B3: {=IFERROR(INDEX(RAW_DATA!$L$5:$L$4000,MATCH(A3,RAW_DATA!$C$5:$C$4000,0)),"DEFAULT")} -> CDVBA | C3: =IFERROR(SUMPRODUCT((RAW_DATA!C$5:C$2000=A3)*(RAW_DATA!D$5:D$2000>=TODAY()-30)*(RAW_DATA!D$5:D$2000<=TODAY()-1)*RAW_DATA!H$5:H$2000),0) -> 54 | D3: =IF($A3="", "", IFERROR(SUMIFS(RAW_DATA!$J$5:$J$5000, RAW_DATA!$C$5:$C$5000, $A3, RAW_DATA!$D$5:$D$5000, ">="&TODAY()-30, RAW_DATA!$D$5:$D$5000, "<="&TODAY()) / $C3, "–")) -> 92331.63 | E3: =IFERROR(SUMIFS(RAW_DATA!$H$5:$H$4000,RAW_DATA!$C$5:$C$4000,$A3,RAW_DATA!$D$5:$D$4000,">="&TODAY()-7,RAW_DATA!$D$5:$D$4000,"<="&TODAY()),0) -> 24 | F3: =IFERROR(SUMIFS(RAW_DATA!$J$5:$J$4000,RAW_DATA!$C$5:$C$4000,A3,RAW_DATA!$D$5:$D$4000,">="&TODAY()-DECISION_RULES!$B$6,RAW_DATA!$D$5:$D$4000,"<="&TODAY())/E3,"–") -> 69899.208 | G3: =IFERROR(SUMPRODUCT((RAW_DATA!$C$5:$C$5000=A3)*(RAW_DATA!$D$5:$D$4000>=TODAY()-DECISION_RULES!$B$7)*(RAW_DATA!$D$5:$D$4000<=TODAY())*RAW_DATA!$F$5:$F$5000*RAW_DATA!$G$5:$G$5000/100)/SUMIFS(RAW_DATA!$F$5:$F$5000,RAW_DATA!$C$5:$C$5000,A3,RAW_DATA!$D$5:$D$4000,">="&TODAY()-DECISION_RULES!$B$7,RAW_DATA!$D$5:$D$4000,"<="&TODAY())*100,"–") -> 2.1832064 | H3: =IFERROR(VLOOKUP(B3,BENCHMARK!$A:$B,2,FALSE),VLOOKUP("DEFAULT",BENCHMARK!$A:$B,2,FALSE)) -> 180000 | I3: =IF(A3="","-", IF(SUMIFS(RAW_DATA!$J$5:$J$5000,RAW_DATA!$C$5:$C$5000,A3)<DECISION_RULES!$B$5,"CHUA DU DATA", IF(AND(SUMIFS(RAW_DATA!$J$5:$J$5000,RAW_DATA!$C$5:$C$5000,A3)>=DECISION_RULES!$B$5,C3=0,E3=0),"KILL", IF(AND(D3<H3,F3<H3),"SCALE", IF(AND(D3<H3,F3>H3),"WARNING", IF(AND(D3>H3,F3<H3),"TEST","KILL")))))) -> SCALE | J3: =IF(A3="","–",IF(I3="KILL",IF(C3=0,"Da chi tieu nhung 0 conv - tat ngay, kiem tra target va content","Ca 30d va 7d deu kem - nen tat hoac thay content moi"),IF(I3="SCALE","30d va 7d deu tot - co the tang budget 20-30%",IF(I3="WARNING","30d tot nhung 7d dang xau - KHONG scale, theo doi them 3 ngay",IF(I3="TEST","30d chua tot nhung 7d dang cai thien - giu nguyen, cho them 3-5 ngay","Chua du du lieu - can chi tieu "&DECISION_RULES!$B$5&" de danh gia chinh xac"))))) -> 30d va 7d deu tot - co the tang budget 20-30%
A4: =IFERROR(__xludf.DUMMYFUNCTION("""COMPUTED_VALUE"""),"CDVBA_Photo_TrungCap_0924_3185") -> CDVBA_Photo_TrungCap_0924_3185 | B4: {=IFERROR(INDEX(RAW_DATA!$L$5:$L$4000,MATCH(A4,RAW_DATA!$C$5:$C$4000,0)),"DEFAULT")} -> CDVBA | C4: =IFERROR(SUMPRODUCT((RAW_DATA!C$5:C$2000=A4)*(RAW_DATA!D$5:D$2000>=TODAY()-30)*(RAW_DATA!D$5:D$2000<=TODAY()-1)*RAW_DATA!H$5:H$2000),0) -> 64 | D4: =IF($A4="", "", IFERROR(SUMIFS(RAW_DATA!$J$5:$J$5000, RAW_DATA!$C$5:$C$5000, $A4, RAW_DATA!$D$5:$D$5000, ">="&TODAY()-30, RAW_DATA!$D$5:$D$5000, "<="&TODAY()) / $C4, "–")) -> 113682.91 | E4: =IFERROR(SUMIFS(RAW_DATA!$H$5:$H$4000,RAW_DATA!$C$5:$C$4000,$A4,RAW_DATA!$D$5:$D$4000,">="&TODAY()-7,RAW_DATA!$D$5:$D$4000,"<="&TODAY()),0) -> 18 | F4: =IFERROR(SUMIFS(RAW_DATA!$J$5:$J$4000,RAW_DATA!$C$5:$C$4000,A4,RAW_DATA!$D$5:$D$4000,">="&TODAY()-DECISION_RULES!$B$6,RAW_DATA!$D$5:$D$4000,"<="&TODAY())/E4,"–") -> 106596 | G4: =IFERROR(SUMPRODUCT((RAW_DATA!$C$5:$C$5000=A4)*(RAW_DATA!$D$5:$D$4000>=TODAY()-DECISION_RULES!$B$7)*(RAW_DATA!$D$5:$D$4000<=TODAY())*RAW_DATA!$F$5:$F$5000*RAW_DATA!$G$5:$G$5000/100)/SUMIFS(RAW_DATA!$F$5:$F$5000,RAW_DATA!$C$5:$C$5000,A4,RAW_DATA!$D$5:$D$4000,">="&TODAY()-DECISION_RULES!$B$7,RAW_DATA!$D$5:$D$4000,"<="&TODAY())*100,"–") -> 1.7792349 | H4: =IFERROR(VLOOKUP(B4,BENCHMARK!$A:$B,2,FALSE),VLOOKUP("DEFAULT",BENCHMARK!$A:$B,2,FALSE)) -> 180000 | I4: =IF(A4="","-", IF(SUMIFS(RAW_DATA!$J$5:$J$5000,RAW_DATA!$C$5:$C$5000,A4)<DECISION_RULES!$B$5,"CHUA DU DATA", IF(AND(SUMIFS(RAW_DATA!$J$5:$J$5000,RAW_DATA!$C$5:$C$5000,A4)>=DECISION_RULES!$B$5,C4=0,E4=0),"KILL", IF(AND(D4<H4,F4<H4),"SCALE", IF(AND(D4<H4,F4>H4),"WARNING", IF(AND(D4>H4,F4<H4),"TEST","KILL")))))) -> SCALE | J4: =IF(A4="","–",IF(I4="KILL",IF(C4=0,"Da chi tieu nhung 0 conv - tat ngay, kiem tra target va content","Ca 30d va 7d deu kem - nen tat hoac thay content moi"),IF(I4="SCALE","30d va 7d deu tot - co the tang budget 20-30%",IF(I4="WARNING","30d tot nhung 7d dang xau - KHONG scale, theo doi them 3 ngay",IF(I4="TEST","30d chua tot nhung 7d dang cai thien - giu nguyen, cho them 3-5 ngay","Chua du du lieu - can chi tieu "&DECISION_RULES!$B$5&" de danh gia chinh xac"))))) -> 30d va 7d deu tot - co the tang budget 20-30%
A5: =IFERROR(__xludf.DUMMYFUNCTION("""COMPUTED_VALUE"""),"CDVBA_Reels_CoHoiDieuDuong_0525_3185") -> CDVBA_Reels_CoHoiDieuDuong_0525_3185 | B5: {=IFERROR(INDEX(RAW_DATA!$L$5:$L$4000,MATCH(A5,RAW_DATA!$C$5:$C$4000,0)),"DEFAULT")} -> CDVBA | C5: =IFERROR(SUMPRODUCT((RAW_DATA!C$5:C$2000=A5)*(RAW_DATA!D$5:D$2000>=TODAY()-30)*(RAW_DATA!D$5:D$2000<=TODAY()-1)*RAW_DATA!H$5:H$2000),0) -> 0 | D5: =IF($A5="", "", IFERROR(SUMIFS(RAW_DATA!$J$5:$J$5000, RAW_DATA!$C$5:$C$5000, $A5, RAW_DATA!$D$5:$D$5000, ">="&TODAY()-30, RAW_DATA!$D$5:$D$5000, "<="&TODAY()) / $C5, "–")) -> – | E5: =IFERROR(SUMIFS(RAW_DATA!$H$5:$H$4000,RAW_DATA!$C$5:$C$4000,$A5,RAW_DATA!$D$5:$D$4000,">="&TODAY()-7,RAW_DATA!$D$5:$D$4000,"<="&TODAY()),0) -> 0 | F5: =IFERROR(SUMIFS(RAW_DATA!$J$5:$J$4000,RAW_DATA!$C$5:$C$4000,A5,RAW_DATA!$D$5:$D$4000,">="&TODAY()-DECISION_RULES!$B$6,RAW_DATA!$D$5:$D$4000,"<="&TODAY())/E5,"–") -> – | G5: =IFERROR(SUMPRODUCT((RAW_DATA!$C$5:$C$5000=A5)*(RAW_DATA!$D$5:$D$4000>=TODAY()-DECISION_RULES!$B$7)*(RAW_DATA!$D$5:$D$4000<=TODAY())*RAW_DATA!$F$5:$F$5000*RAW_DATA!$G$5:$G$5000/100)/SUMIFS(RAW_DATA!$F$5:$F$5000,RAW_DATA!$C$5:$C$5000,A5,RAW_DATA!$D$5:$D$4000,">="&TODAY()-DECISION_RULES!$B$7,RAW_DATA!$D$5:$D$4000,"<="&TODAY())*100,"–") -> 1.8656716 | H5: =IFERROR(VLOOKUP(B5,BENCHMARK!$A:$B,2,FALSE),VLOOKUP("DEFAULT",BENCHMARK!$A:$B,2,FALSE)) -> 180000 | I5: =IF(A5="","-", IF(SUMIFS(RAW_DATA!$J$5:$J$5000,RAW_DATA!$C$5:$C$5000,A5)<DECISION_RULES!$B$5,"CHUA DU DATA", IF(AND(SUMIFS(RAW_DATA!$J$5:$J$5000,RAW_DATA!$C$5:$C$5000,A5)>=DECISION_RULES!$B$5,C5=0,E5=0),"KILL", IF(AND(D5<H5,F5<H5),"SCALE", IF(AND(D5<H5,F5>H5),"WARNING", IF(AND(D5>H5,F5<H5),"TEST","KILL")))))) -> CHUA DU DATA | J5: =IF(A5="","–",IF(I5="KILL",IF(C5=0,"Da chi tieu nhung 0 conv - tat ngay, kiem tra target va content","Ca 30d va 7d deu kem - nen tat hoac thay content moi"),IF(I5="SCALE","30d va 7d deu tot - co the tang budget 20-30%",IF(I5="WARNING","30d tot nhung 7d dang xau - KHONG scale, theo doi them 3 ngay",IF(I5="TEST","30d chua tot nhung 7d dang cai thien - giu nguyen, cho them 3-5 ngay","Chua du du lieu - can chi tieu "&DECISION_RULES!$B$5&" de danh gia chinh xac"))))) -> Chua du du lieu - can chi tieu 100000 de danh gia chinh xac
A6: =IFERROR(__xludf.DUMMYFUNCTION("""COMPUTED_VALUE"""),"DHD_Photo_QuocGiaHangDau_0822_3484") -> DHD_Photo_QuocGiaHangDau_0822_3484 | B6: {=IFERROR(INDEX(RAW_DATA!$L$5:$L$4000,MATCH(A6,RAW_DATA!$C$5:$C$4000,0)),"DEFAULT")} -> Du học Đức | C6: =IFERROR(SUMPRODUCT((RAW_DATA!C$5:C$2000=A6)*(RAW_DATA!D$5:D$2000>=TODAY()-30)*(RAW_DATA!D$5:D$2000<=TODAY()-1)*RAW_DATA!H$5:H$2000),0) -> 43 | D6: =IF($A6="", "", IFERROR(SUMIFS(RAW_DATA!$J$5:$J$5000, RAW_DATA!$C$5:$C$5000, $A6, RAW_DATA!$D$5:$D$5000, ">="&TODAY()-30, RAW_DATA!$D$5:$D$5000, "<="&TODAY()) / $C6, "–")) -> 153072.21 | E6: =IFERROR(SUMIFS(RAW_DATA!$H$5:$H$4000,RAW_DATA!$C$5:$C$4000,$A6,RAW_DATA!$D$5:$D$4000,">="&TODAY()-7,RAW_DATA!$D$5:$D$4000,"<="&TODAY()),0) -> 11 | F6: =IFERROR(SUMIFS(RAW_DATA!$J$5:$J$4000,RAW_DATA!$C$5:$C$4000,A6,RAW_DATA!$D$5:$D$4000,">="&TODAY()-DECISION_RULES!$B$6,RAW_DATA!$D$5:$D$4000,"<="&TODAY())/E6,"–") -> 158123.73 | G6: =IFERROR(SUMPRODUCT((RAW_DATA!$C$5:$C$5000=A6)*(RAW_DATA!$D$5:$D$4000>=TODAY()-DECISION_RULES!$B$7)*(RAW_DATA!$D$5:$D$4000<=TODAY())*RAW_DATA!$F$5:$F$5000*RAW_DATA!$G$5:$G$5000/100)/SUMIFS(RAW_DATA!$F$5:$F$5000,RAW_DATA!$C$5:$C$5000,A6,RAW_DATA!$D$5:$D$4000,">="&TODAY()-DECISION_RULES!$B$7,RAW_DATA!$D$5:$D$4000,"<="&TODAY())*100,"–") -> 1.4624756 | H6: =IFERROR(VLOOKUP(B6,BENCHMARK!$A:$B,2,FALSE),VLOOKUP("DEFAULT",BENCHMARK!$A:$B,2,FALSE)) -> 150000 | I6: =IF(A6="","-", IF(SUMIFS(RAW_DATA!$J$5:$J$5000,RAW_DATA!$C$5:$C$5000,A6)<DECISION_RULES!$B$5,"CHUA DU DATA", IF(AND(SUMIFS(RAW_DATA!$J$5:$J$5000,RAW_DATA!$C$5:$C$5000,A6)>=DECISION_RULES!$B$5,C6=0,E6=0),"KILL", IF(AND(D6<H6,F6<H6),"SCALE", IF(AND(D6<H6,F6>H6),"WARNING", IF(AND(D6>H6,F6<H6),"TEST","KILL")))))) -> KILL | J6: =IF(A6="","–",IF(I6="KILL",IF(C6=0,"Da chi tieu nhung 0 conv - tat ngay, kiem tra target va content","Ca 30d va 7d deu kem - nen tat hoac thay content moi"),IF(I6="SCALE","30d va 7d deu tot - co the tang budget 20-30%",IF(I6="WARNING","30d tot nhung 7d dang xau - KHONG scale, theo doi them 3 ngay",IF(I6="TEST","30d chua tot nhung 7d dang cai thien - giu nguyen, cho them 3-5 ngay","Chua du du lieu - can chi tieu "&DECISION_RULES!$B$5&" de danh gia chinh xac"))))) -> Ca 30d va 7d deu kem - nen tat hoac thay content moi | K6: Chỉ có 1 post QC
A7: =IFERROR(__xludf.DUMMYFUNCTION("""COMPUTED_VALUE"""),"DHHQ_Carousel_TruongTopDau_0126_3500") -> DHHQ_Carousel_TruongTopDau_0126_3500 | B7: {=IFERROR(INDEX(RAW_DATA!$L$5:$L$4000,MATCH(A7,RAW_DATA!$C$5:$C$4000,0)),"DEFAULT")} -> Du học Hàn Quốc | C7: =IFERROR(SUMPRODUCT((RAW_DATA!C$5:C$2000=A7)*(RAW_DATA!D$5:D$2000>=TODAY()-30)*(RAW_DATA!D$5:D$2000<=TODAY()-1)*RAW_DATA!H$5:H$2000),0) -> 3 | D7: =IF($A7="", "", IFERROR(SUMIFS(RAW_DATA!$J$5:$J$5000, RAW_DATA!$C$5:$C$5000, $A7, RAW_DATA!$D$5:$D$5000, ">="&TODAY()-30, RAW_DATA!$D$5:$D$5000, "<="&TODAY()) / $C7, "–")) -> 79061 | E7: =IFERROR(SUMIFS(RAW_DATA!$H$5:$H$4000,RAW_DATA!$C$5:$C$4000,$A7,RAW_DATA!$D$5:$D$4000,">="&TODAY()-7,RAW_DATA!$D$5:$D$4000,"<="&TODAY()),0) -> 0 | F7: =IFERROR(SUMIFS(RAW_DATA!$J$5:$J$4000,RAW_DATA!$C$5:$C$4000,A7,RAW_DATA!$D$5:$D$4000,">="&TODAY()-DECISION_RULES!$B$6,RAW_DATA!$D$5:$D$4000,"<="&TODAY())/E7,"–") -> – | G7: =IFERROR(SUMPRODUCT((RAW_DATA!$C$5:$C$5000=A7)*(RAW_DATA!$D$5:$D$4000>=TODAY()-DECISION_RULES!$B$7)*(RAW_DATA!$D$5:$D$4000<=TODAY())*RAW_DATA!$F$5:$F$5000*RAW_DATA!$G$5:$G$5000/100)/SUMIFS(RAW_DATA!$F$5:$F$5000,RAW_DATA!$C$5:$C$5000,A7,RAW_DATA!$D$5:$D$4000,">="&TODAY()-DECISION_RULES!$B$7,RAW_DATA!$D$5:$D$4000,"<="&TODAY())*100,"–") -> 1.5625 | H7: =IFERROR(VLOOKUP(B7,BENCHMARK!$A:$B,2,FALSE),VLOOKUP("DEFAULT",BENCHMARK!$A:$B,2,FALSE)) -> 180000 | I7: =IF(A7="","-", IF(SUMIFS(RAW_DATA!$J$5:$J$5000,RAW_DATA!$C$5:$C$5000,A7)<DECISION_RULES!$B$5,"CHUA DU DATA", IF(AND(SUMIFS(RAW_DATA!$J$5:$J$5000,RAW_DATA!$C$5:$C$5000,A7)>=DECISION_RULES!$B$5,C7=0,E7=0),"KILL", IF(AND(D7<H7,F7<H7),"SCALE", IF(AND(D7<H7,F7>H7),"WARNING", IF(AND(D7>H7,F7<H7),"TEST","KILL")))))) -> WARNING | J7: =IF(A7="","–",IF(I7="KILL",IF(C7=0,"Da chi tieu nhung 0 conv - tat ngay, kiem tra target va content","Ca 30d va 7d deu kem - nen tat hoac thay content moi"),IF(I7="SCALE","30d va 7d deu tot - co the tang budget 20-30%",IF(I7="WARNING","30d tot nhung 7d dang xau - KHONG scale, theo doi them 3 ngay",IF(I7="TEST","30d chua tot nhung 7d dang cai thien - giu nguyen, cho them 3-5 ngay","Chua du du lieu - can chi tieu "&DECISION_RULES!$B$5&" de danh gia chinh xac"))))) -> 30d tot nhung 7d dang xau - KHONG scale, theo doi them 3 ngay
A8: =IFERROR(__xludf.DUMMYFUNCTION("""COMPUTED_VALUE"""),"DHHQ_Photo_DieuDuongDHKyungin_1025_7742") -> DHHQ_Photo_DieuDuongDHKyungin_1025_7742 | B8: {=IFERROR(INDEX(RAW_DATA!$L$5:$L$4000,MATCH(A8,RAW_DATA!$C$5:$C$4000,0)),"DEFAULT")} -> Du học Hàn Quốc | C8: =IFERROR(SUMPRODUCT((RAW_DATA!C$5:C$2000=A8)*(RAW_DATA!D$5:D$2000>=TODAY()-30)*(RAW_DATA!D$5:D$2000<=TODAY()-1)*RAW_DATA!H$5:H$2000),0) -> 44 | D8: =IF($A8="", "", IFERROR(SUMIFS(RAW_DATA!$J$5:$J$5000, RAW_DATA!$C$5:$C$5000, $A8, RAW_DATA!$D$5:$D$5000, ">="&TODAY()-30, RAW_DATA!$D$5:$D$5000, "<="&TODAY()) / $C8, "–")) -> 91949.773 | E8: =IFERROR(SUMIFS(RAW_DATA!$H$5:$H$4000,RAW_DATA!$C$5:$C$4000,$A8,RAW_DATA!$D$5:$D$4000,">="&TODAY()-7,RAW_DATA!$D$5:$D$4000,"<="&TODAY()),0) -> 6 | F8: =IFERROR(SUMIFS(RAW_DATA!$J$5:$J$4000,RAW_DATA!$C$5:$C$4000,A8,RAW_DATA!$D$5:$D$4000,">="&TODAY()-DECISION_RULES!$B$6,RAW_DATA!$D$5:$D$4000,"<="&TODAY())/E8,"–") -> 145340.17 | G8: =IFERROR(SUMPRODUCT((RAW_DATA!$C$5:$C$5000=A8)*(RAW_DATA!$D$5:$D$4000>=TODAY()-DECISION_RULES!$B$7)*(RAW_DATA!$D$5:$D$4000<=TODAY())*RAW_DATA!$F$5:$F$5000*RAW_DATA!$G$5:$G$5000/100)/SUMIFS(RAW_DATA!$F$5:$F$5000,RAW_DATA!$C$5:$C$5000,A8,RAW_DATA!$D$5:$D$4000,">="&TODAY()-DECISION_RULES!$B$7,RAW_DATA!$D$5:$D$4000,"<="&TODAY())*100,"–") -> 1.4950062 | H8: =IFERROR(VLOOKUP(B8,BENCHMARK!$A:$B,2,FALSE),VLOOKUP("DEFAULT",BENCHMARK!$A:$B,2,FALSE)) -> 180000 | I8: =IF(A8="","-", IF(SUMIFS(RAW_DATA!$J$5:$J$5000,RAW_DATA!$C$5:$C$5000,A8)<DECISION_RULES!$B$5,"CHUA DU DATA", IF(AND(SUMIFS(RAW_DATA!$J$5:$J$5000,RAW_DATA!$C$5:$C$5000,A8)>=DECISION_RULES!$B$5,C8=0,E8=0),"KILL", IF(AND(D8<H8,F8<H8),"SCALE", IF(AND(D8<H8,F8>H8),"WARNING", IF(AND(D8>H8,F8<H8),"TEST","KILL")))))) -> SCALE | J8: =IF(A8="","–",IF(I8="KILL",IF(C8=0,"Da chi tieu nhung 0 conv - tat ngay, kiem tra target va content","Ca 30d va 7d deu kem - nen tat hoac thay content moi"),IF(I8="SCALE","30d va 7d deu tot - co the tang budget 20-30%",IF(I8="WARNING","30d tot nhung 7d dang xau - KHONG scale, theo doi them 3 ngay",IF(I8="TEST","30d chua tot nhung 7d dang cai thien - giu nguyen, cho them 3-5 ngay","Chua du du lieu - can chi tieu "&DECISION_RULES!$B$5&" de danh gia chinh xac"))))) -> 30d va 7d deu tot - co the tang budget 20-30%
A9: =IFERROR(__xludf.DUMMYFUNCTION("""COMPUTED_VALUE"""),"DHHQ_Photo_TruongTopDau_1124_3533") -> DHHQ_Photo_TruongTopDau_1124_3533 | B9: {=IFERROR(INDEX(RAW_DATA!$L$5:$L$4000,MATCH(A9,RAW_DATA!$C$5:$C$4000,0)),"DEFAULT")} -> Du học Hàn Quốc | C9: =IFERROR(SUMPRODUCT((RAW_DATA!C$5:C$2000=A9)*(RAW_DATA!D$5:D$2000>=TODAY()-30)*(RAW_DATA!D$5:D$2000<=TODAY()-1)*RAW_DATA!H$5:H$2000),0) -> 1 | D9: =IF($A9="", "", IFERROR(SUMIFS(RAW_DATA!$J$5:$J$5000, RAW_DATA!$C$5:$C$5000, $A9, RAW_DATA!$D$5:$D$5000, ">="&TODAY()-30, RAW_DATA!$D$5:$D$5000, "<="&TODAY()) / $C9, "–")) -> 105184 | E9: =IFERROR(SUMIFS(RAW_DATA!$H$5:$H$4000,RAW_DATA!$C$5:$C$4000,$A9,RAW_DATA!$D$5:$D$4000,">="&TODAY()-7,RAW_DATA!$D$5:$D$4000,"<="&TODAY()),0) -> 0 | F9: =IFERROR(SUMIFS(RAW_DATA!$J$5:$J$4000,RAW_DATA!$C$5:$C$4000,A9,RAW_DATA!$D$5:$D$4000,">="&TODAY()-DECISION_RULES!$B$6,RAW_DATA!$D$5:$D$4000,"<="&TODAY())/E9,"–") -> – | G9: =IFERROR(SUMPRODUCT((RAW_DATA!$C$5:$C$5000=A9)*(RAW_DATA!$D$5:$D$4000>=TODAY()-DECISION_RULES!$B$7)*(RAW_DATA!$D$5:$D$4000<=TODAY())*RAW_DATA!$F$5:$F$5000*RAW_DATA!$G$5:$G$5000/100)/SUMIFS(RAW_DATA!$F$5:$F$5000,RAW_DATA!$C$5:$C$5000,A9,RAW_DATA!$D$5:$D$4000,">="&TODAY()-DECISION_RULES!$B$7,RAW_DATA!$D$5:$D$4000,"<="&TODAY())*100,"–") -> 3.4482759 | H9: =IFERROR(VLOOKUP(B9,BENCHMARK!$A:$B,2,FALSE),VLOOKUP("DEFAULT",BENCHMARK!$A:$B,2,FALSE)) -> 180000 | I9: =IF(A9="","-", IF(SUMIFS(RAW_DATA!$J$5:$J$5000,RAW_DATA!$C$5:$C$5000,A9)<DECISION_RULES!$B$5,"CHUA DU DATA", IF(AND(SUMIFS(RAW_DATA!$J$5:$J$5000,RAW_DATA!$C$5:$C$5000,A9)>=DECISION_RULES!$B$5,C9=0,E9=0),"KILL", IF(AND(D9<H9,F9<H9),"SCALE", IF(AND(D9<H9,F9>H9),"WARNING", IF(AND(D9>H9,F9<H9),"TEST","KILL")))))) -> WARNING | J9: =IF(A9="","–",IF(I9="KILL",IF(C9=0,"Da chi tieu nhung 0 conv - tat ngay, kiem tra target va content","Ca 30d va 7d deu kem - nen tat hoac thay content moi"),IF(I9="SCALE","30d va 7d deu tot - co the tang budget 20-30%",IF(I9="WARNING","30d tot nhung 7d dang xau - KHONG scale, theo doi them 3 ngay",IF(I9="TEST","30d chua tot nhung 7d dang cai thien - giu nguyen, cho them 3-5 ngay","Chua du du lieu - can chi tieu "&DECISION_RULES!$B$5&" de danh gia chinh xac"))))) -> 30d tot nhung 7d dang xau - KHONG scale, theo doi them 3 ngay
A10: =IFERROR(__xludf.DUMMYFUNCTION("""COMPUTED_VALUE"""),"DHHQ_Reels_DieuDuongDHKyungin_0925_7878") -> DHHQ_Reels_DieuDuongDHKyungin_0925_7878 | B10: {=IFERROR(INDEX(RAW_DATA!$L$5:$L$4000,MATCH(A10,RAW_DATA!$C$5:$C$4000,0)),"DEFAULT")} -> Du học Hàn Quốc | C10: =IFERROR(SUMPRODUCT((RAW_DATA!C$5:C$2000=A10)*(RAW_DATA!D$5:D$2000>=TODAY()-30)*(RAW_DATA!D$5:D$2000<=TODAY()-1)*RAW_DATA!H$5:H$2000),0) -> 8 | D10: =IF($A10="", "", IFERROR(SUMIFS(RAW_DATA!$J$5:$J$5000, RAW_DATA!$C$5:$C$5000, $A10, RAW_DATA!$D$5:$D$5000, ">="&TODAY()-30, RAW_DATA!$D$5:$D$5000, "<="&TODAY()) / $C10, "–")) -> 93485.75 | E10: =IFERROR(SUMIFS(RAW_DATA!$H$5:$H$4000,RAW_DATA!$C$5:$C$4000,$A10,RAW_DATA!$D$5:$D$4000,">="&TODAY()-7,RAW_DATA!$D$5:$D$4000,"<="&TODAY()),0) -> 4 | F10: =IFERROR(SUMIFS(RAW_DATA!$J$5:$J$4000,RAW_DATA!$C$5:$C$4000,A10,RAW_DATA!$D$5:$D$4000,">="&TODAY()-DECISION_RULES!$B$6,RAW_DATA!$D$5:$D$4000,"<="&TODAY())/E10,"–") -> 123230.5 | G10: =IFERROR(SUMPRODUCT((RAW_DATA!$C$5:$C$5000=A10)*(RAW_DATA!$D$5:$D$4000>=TODAY()-DECISION_RULES!$B$7)*(RAW_DATA!$D$5:$D$4000<=TODAY())*RAW_DATA!$F$5:$F$5000*RAW_DATA!$G$5:$G$5000/100)/SUMIFS(RAW_DATA!$F$5:$F$5000,RAW_DATA!$C$5:$C$5000,A10,RAW_DATA!$D$5:$D$4000,">="&TODAY()-DECISION_RULES!$B$7,RAW_DATA!$D$5:$D$4000,"<="&TODAY())*100,"–") -> 1.8571429 | H10: =IFERROR(VLOOKUP(B10,BENCHMARK!$A:$B,2,FALSE),VLOOKUP("DEFAULT",BENCHMARK!$A:$B,2,FALSE)) -> 180000 | I10: =IF(A10="","-", IF(SUMIFS(RAW_DATA!$J$5:$J$5000,RAW_DATA!$C$5:$C$5000,A10)<DECISION_RULES!$B$5,"CHUA DU DATA", IF(AND(SUMIFS(RAW_DATA!$J$5:$J$5000,RAW_DATA!$C$5:$C$5000,A10)>=DECISION_RULES!$B$5,C10=0,E10=0),"KILL", IF(AND(D10<H10,F10<H10),"SCALE", IF(AND(D10<H10,F10>H10),"WARNING", IF(AND(D10>H10,F10<H10),"TEST","KILL")))))) -> SCALE | J10: =IF(A10="","–",IF(I10="KILL",IF(C10=0,"Da chi tieu nhung 0 conv - tat ngay, kiem tra target va content","Ca 30d va 7d deu kem - nen tat hoac thay content moi"),IF(I10="SCALE","30d va 7d deu tot - co the tang budget 20-30%",IF(I10="WARNING","30d tot nhung 7d dang xau - KHONG scale, theo doi them 3 ngay",IF(I10="TEST","30d chua tot nhung 7d dang cai thien - giu nguyen, cho them 3-5 ngay","Chua du du lieu - can chi tieu "&DECISION_RULES!$B$5&" de danh gia chinh xac"))))) -> 30d va 7d deu tot - co the tang budget 20-30%
A11: =IFERROR(__xludf.DUMMYFUNCTION("""COMPUTED_VALUE"""),"DHND_Album_AnhThatDHS_0424_3960") -> DHND_Album_AnhThatDHS_0424_3960 | B11: {=IFERROR(INDEX(RAW_DATA!$L$5:$L$4000,MATCH(A11,RAW_DATA!$C$5:$C$4000,0)),"DEFAULT")} -> Du học nghề Đức | C11: =IFERROR(SUMPRODUCT((RAW_DATA!C$5:C$2000=A11)*(RAW_DATA!D$5:D$2000>=TODAY()-30)*(RAW_DATA!D$5:D$2000<=TODAY()-1)*RAW_DATA!H$5:H$2000),0) -> 101 | D11: =IF($A11="", "", IFERROR(SUMIFS(RAW_DATA!$J$5:$J$5000, RAW_DATA!$C$5:$C$5000, $A11, RAW_DATA!$D$5:$D$5000, ">="&TODAY()-30, RAW_DATA!$D$5:$D$5000, "<="&TODAY()) / $C11, "–")) -> 117751.19 | E11: =IFERROR(SUMIFS(RAW_DATA!$H$5:$H$4000,RAW_DATA!$C$5:$C$4000,$A11,RAW_DATA!$D$5:$D$4000,">="&TODAY()-7,RAW_DATA!$D$5:$D$4000,"<="&TODAY()),0) -> 18 | F11: =IFERROR(SUMIFS(RAW_DATA!$J$5:$J$4000,RAW_DATA!$C$5:$C$4000,A11,RAW_DATA!$D$5:$D$4000,">="&TODAY()-DECISION_RULES!$B$6,RAW_DATA!$D$5:$D$4000,"<="&TODAY())/E11,"–") -> 138198.67 | G11: =IFERROR(SUMPRODUCT((RAW_DATA!$C$5:$C$5000=A11)*(RAW_DATA!$D$5:$D$4000>=TODAY()-DECISION_RULES!$B$7)*(RAW_DATA!$D$5:$D$4000<=TODAY())*RAW_DATA!$F$5:$F$5000*RAW_DATA!$G$5:$G$5000/100)/SUMIFS(RAW_DATA!$F$5:$F$5000,RAW_DATA!$C$5:$C$5000,A11,RAW_DATA!$D$5:$D$4000,">="&TODAY()-DECISION_RULES!$B$7,RAW_DATA!$D$5:$D$4000,"<="&TODAY())*100,"–") -> 3.2985955 | H11: =IFERROR(VLOOKUP(B11,BENCHMARK!$A:$B,2,FALSE),VLOOKUP("DEFAULT",BENCHMARK!$A:$B,2,FALSE)) -> 150000 | I11: =IF(A11="","-", IF(SUMIFS(RAW_DATA!$J$5:$J$5000,RAW_DATA!$C$5:$C$5000,A11)<DECISION_RULES!$B$5,"CHUA DU DATA", IF(AND(SUMIFS(RAW_DATA!$J$5:$J$5000,RAW_DATA!$C$5:$C$5000,A11)>=DECISION_RULES!$B$5,C11=0,E11=0),"KILL", IF(AND(D11<H11,F11<H11),"SCALE", IF(AND(D11<H11,F11>H11),"WARNING", IF(AND(D11>H11,F11<H11),"TEST","KILL")))))) -> SCALE | J11: =IF(A11="","–",IF(I11="KILL",IF(C11=0,"Da chi tieu nhung 0 conv - tat ngay, kiem tra target va content","Ca 30d va 7d deu kem - nen tat hoac thay content moi"),IF(I11="SCALE","30d va 7d deu tot - co the tang budget 20-30%",IF(I11="WARNING","30d tot nhung 7d dang xau - KHONG scale, theo doi them 3 ngay",IF(I11="TEST","30d chua tot nhung 7d dang cai thien - giu nguyen, cho them 3-5 ngay","Chua du du lieu - can chi tieu "&DECISION_RULES!$B$5&" de danh gia chinh xac"))))) -> 30d va 7d deu tot - co the tang budget 20-30%
A12: =IFERROR(__xludf.DUMMYFUNCTION("""COMPUTED_VALUE"""),"DHND_Photo_ChuyenTiep_1124_9441") -> DHND_Photo_ChuyenTiep_1124_9441 | B12: {=IFERROR(INDEX(RAW_DATA!$L$5:$L$4000,MATCH(A12,RAW_DATA!$C$5:$C$4000,0)),"DEFAULT")} -> Du học nghề Đức | C12: =IFERROR(SUMPRODUCT((RAW_DATA!C$5:C$2000=A12)*(RAW_DATA!D$5:D$2000>=TODAY()-30)*(RAW_DATA!D$5:D$2000<=TODAY()-1)*RAW_DATA!H$5:H$2000),0) -> 1 | D12: =IF($A12="", "", IFERROR(SUMIFS(RAW_DATA!$J$5:$J$5000, RAW_DATA!$C$5:$C$5000, $A12, RAW_DATA!$D$5:$D$5000, ">="&TODAY()-30, RAW_DATA!$D$5:$D$5000, "<="&TODAY()) / $C12, "–")) -> 139744 | E12: =IFERROR(SUMIFS(RAW_DATA!$H$5:$H$4000,RAW_DATA!$C$5:$C$4000,$A12,RAW_DATA!$D$5:$D$4000,">="&TODAY()-7,RAW_DATA!$D$5:$D$4000,"<="&TODAY()),0) -> 1 | F12: =IFERROR(SUMIFS(RAW_DATA!$J$5:$J$4000,RAW_DATA!$C$5:$C$4000,A12,RAW_DATA!$D$5:$D$4000,">="&TODAY()-DECISION_RULES!$B$6,RAW_DATA!$D$5:$D$4000,"<="&TODAY())/E12,"–") -> 128837 | G12: =IFERROR(SUMPRODUCT((RAW_DATA!$C$5:$C$5000=A12)*(RAW_DATA!$D$5:$D$4000>=TODAY()-DECISION_RULES!$B$7)*(RAW_DATA!$D$5:$D$4000<=TODAY())*RAW_DATA!$F$5:$F$5000*RAW_DATA!$G$5:$G$5000/100)/SUMIFS(RAW_DATA!$F$5:$F$5000,RAW_DATA!$C$5:$C$5000,A12,RAW_DATA!$D$5:$D$4000,">="&TODAY()-DECISION_RULES!$B$7,RAW_DATA!$D$5:$D$4000,"<="&TODAY())*100,"–") -> 2.1711367 | H12: =IFERROR(VLOOKUP(B12,BENCHMARK!$A:$B,2,FALSE),VLOOKUP("DEFAULT",BENCHMARK!$A:$B,2,FALSE)) -> 150000 | I12: =IF(A12="","-", IF(SUMIFS(RAW_DATA!$J$5:$J$5000,RAW_DATA!$C$5:$C$5000,A12)<DECISION_RULES!$B$5,"CHUA DU DATA", IF(AND(SUMIFS(RAW_DATA!$J$5:$J$5000,RAW_DATA!$C$5:$C$5000,A12)>=DECISION_RULES!$B$5,C12=0,E12=0),"KILL", IF(AND(D12<H12,F12<H12),"SCALE", IF(AND(D12<H12,F12>H12),"WARNING", IF(AND(D12>H12,F12<H12),"TEST","KILL")))))) -> SCALE | J12: =IF(A12="","–",IF(I12="KILL",IF(C12=0,"Da chi tieu nhung 0 conv - tat ngay, kiem tra target va content","Ca 30d va 7d deu kem - nen tat hoac thay content moi"),IF(I12="SCALE","30d va 7d deu tot - co the tang budget 20-30%",IF(I12="WARNING","30d tot nhung 7d dang xau - KHONG scale, theo doi them 3 ngay",IF(I12="TEST","30d chua tot nhung 7d dang cai thien - giu nguyen, cho them 3-5 ngay","Chua du du lieu - can chi tieu "&DECISION_RULES!$B$5&" de danh gia chinh xac"))))) -> 30d va 7d deu tot - co the tang budget 20-30%
A13: =IFERROR(__xludf.DUMMYFUNCTION("""COMPUTED_VALUE"""),"DHND_Photo_DieuDuong2026_0126_3960") -> DHND_Photo_DieuDuong2026_0126_3960 | B13: {=IFERROR(INDEX(RAW_DATA!$L$5:$L$4000,MATCH(A13,RAW_DATA!$C$5:$C$4000,0)),"DEFAULT")} -> Du học nghề Đức | C13: =IFERROR(SUMPRODUCT((RAW_DATA!C$5:C$2000=A13)*(RAW_DATA!D$5:D$2000>=TODAY()-30)*(RAW_DATA!D$5:D$2000<=TODAY()-1)*RAW_DATA!H$5:H$2000),0) -> 18 | D13: =IF($A13="", "", IFERROR(SUMIFS(RAW_DATA!$J$5:$J$5000, RAW_DATA!$C$5:$C$5000, $A13, RAW_DATA!$D$5:$D$5000, ">="&TODAY()-30, RAW_DATA!$D$5:$D$5000, "<="&TODAY()) / $C13, "–")) -> 101974.44 | E13: =IFERROR(SUMIFS(RAW_DATA!$H$5:$H$4000,RAW_DATA!$C$5:$C$4000,$A13,RAW_DATA!$D$5:$D$4000,">="&TODAY()-7,RAW_DATA!$D$5:$D$4000,"<="&TODAY()),0) -> 7 | F13: =IFERROR(SUMIFS(RAW_DATA!$J$5:$J$4000,RAW_DATA!$C$5:$C$4000,A13,RAW_DATA!$D$5:$D$4000,">="&TODAY()-DECISION_RULES!$B$6,RAW_DATA!$D$5:$D$4000,"<="&TODAY())/E13,"–") -> 62974.143 | G13: =IFERROR(SUMPRODUCT((RAW_DATA!$C$5:$C$5000=A13)*(RAW_DATA!$D$5:$D$4000>=TODAY()-DECISION_RULES!$B$7)*(RAW_DATA!$D$5:$D$4000<=TODAY())*RAW_DATA!$F$5:$F$5000*RAW_DATA!$G$5:$G$5000/100)/SUMIFS(RAW_DATA!$F$5:$F$5000,RAW_DATA!$C$5:$C$5000,A13,RAW_DATA!$D$5:$D$4000,">="&TODAY()-DECISION_RULES!$B$7,RAW_DATA!$D$5:$D$4000,"<="&TODAY())*100,"–") -> 2.8258888 | H13: =IFERROR(VLOOKUP(B13,BENCHMARK!$A:$B,2,FALSE),VLOOKUP("DEFAULT",BENCHMARK!$A:$B,2,FALSE)) -> 150000 | I13: =IF(A13="","-", IF(SUMIFS(RAW_DATA!$J$5:$J$5000,RAW_DATA!$C$5:$C$5000,A13)<DECISION_RULES!$B$5,"CHUA DU DATA", IF(AND(SUMIFS(RAW_DATA!$J$5:$J$5000,RAW_DATA!$C$5:$C$5000,A13)>=DECISION_RULES!$B$5,C13=0,E13=0),"KILL", IF(AND(D13<H13,F13<H13),"SCALE", IF(AND(D13<H13,F13>H13),"WARNING", IF(AND(D13>H13,F13<H13),"TEST","KILL")))))) -> SCALE | J13: =IF(A13="","–",IF(I13="KILL",IF(C13=0,"Da chi tieu nhung 0 conv - tat ngay, kiem tra target va content","Ca 30d va 7d deu kem - nen tat hoac thay content moi"),IF(I13="SCALE","30d va 7d deu tot - co the tang budget 20-30%",IF(I13="WARNING","30d tot nhung 7d dang xau - KHONG scale, theo doi them 3 ngay",IF(I13="TEST","30d chua tot nhung 7d dang cai thien - giu nguyen, cho them 3-5 ngay","Chua du du lieu - can chi tieu "&DECISION_RULES!$B$5&" de danh gia chinh xac"))))) -> 30d va 7d deu tot - co the tang budget 20-30%
A14: =IFERROR(__xludf.DUMMYFUNCTION("""COMPUTED_VALUE"""),"DHND_Reels_DaiHoc2005_0124_0622") -> DHND_Reels_DaiHoc2005_0124_0622 | B14: {=IFERROR(INDEX(RAW_DATA!$L$5:$L$4000,MATCH(A14,RAW_DATA!$C$5:$C$4000,0)),"DEFAULT")} -> Du học nghề Đức | C14: =IFERROR(SUMPRODUCT((RAW_DATA!C$5:C$2000=A14)*(RAW_DATA!D$5:D$2000>=TODAY()-30)*(RAW_DATA!D$5:D$2000<=TODAY()-1)*RAW_DATA!H$5:H$2000),0) -> 167 | D14: =IF($A14="", "", IFERROR(SUMIFS(RAW_DATA!$J$5:$J$5000, RAW_DATA!$C$5:$C$5000, $A14, RAW_DATA!$D$5:$D$5000, ">="&TODAY()-30, RAW_DATA!$D$5:$D$5000, "<="&TODAY()) / $C14, "–")) -> 78877.395 | E14: =IFERROR(SUMIFS(RAW_DATA!$H$5:$H$4000,RAW_DATA!$C$5:$C$4000,$A14,RAW_DATA!$D$5:$D$4000,">="&TODAY()-7,RAW_DATA!$D$5:$D$4000,"<="&TODAY()),0) -> 33 | F14: =IFERROR(SUMIFS(RAW_DATA!$J$5:$J$4000,RAW_DATA!$C$5:$C$4000,A14,RAW_DATA!$D$5:$D$4000,">="&TODAY()-DECISION_RULES!$B$6,RAW_DATA!$D$5:$D$4000,"<="&TODAY())/E14,"–") -> 94463.848 | G14: =IFERROR(SUMPRODUCT((RAW_DATA!$C$5:$C$5000=A14)*(RAW_DATA!$D$5:$D$4000>=TODAY()-DECISION_RULES!$B$7)*(RAW_DATA!$D$5:$D$4000<=TODAY())*RAW_DATA!$F$5:$F$5000*RAW_DATA!$G$5:$G$5000/100)/SUMIFS(RAW_DATA!$F$5:$F$5000,RAW_DATA!$C$5:$C$5000,A14,RAW_DATA!$D$5:$D$4000,">="&TODAY()-DECISION_RULES!$B$7,RAW_DATA!$D$5:$D$4000,"<="&TODAY())*100,"–") -> 2.7442028 | H14: =IFERROR(VLOOKUP(B14,BENCHMARK!$A:$B,2,FALSE),VLOOKUP("DEFAULT",BENCHMARK!$A:$B,2,FALSE)) -> 150000 | I14: =IF(A14="","-", IF(SUMIFS(RAW_DATA!$J$5:$J$5000,RAW_DATA!$C$5:$C$5000,A14)<DECISION_RULES!$B$5,"CHUA DU DATA", IF(AND(SUMIFS(RAW_DATA!$J$5:$J$5000,RAW_DATA!$C$5:$C$5000,A14)>=DECISION_RULES!$B$5,C14=0,E14=0),"KILL", IF(AND(D14<H14,F14<H14),"SCALE", IF(AND(D14<H14,F14>H14),"WARNING", IF(AND(D14>H14,F14<H14),"TEST","KILL")))))) -> SCALE | J14: =IF(A14="","–",IF(I14="KILL",IF(C14=0,"Da chi tieu nhung 0 conv - tat ngay, kiem tra target va content","Ca 30d va 7d deu kem - nen tat hoac thay content moi"),IF(I14="SCALE","30d va 7d deu tot - co the tang budget 20-30%",IF(I14="WARNING","30d tot nhung 7d dang xau - KHONG scale, theo doi them 3 ngay",IF(I14="TEST","30d chua tot nhung 7d dang cai thien - giu nguyen, cho them 3-5 ngay","Chua du du lieu - can chi tieu "&DECISION_RULES!$B$5&" de danh gia chinh xac"))))) -> 30d va 7d deu tot - co the tang budget 20-30%
A15: =IFERROR(__xludf.DUMMYFUNCTION("""COMPUTED_VALUE"""),"DHND_Reels_DieuDuong2026_0126_3960") -> DHND_Reels_DieuDuong2026_0126_3960 | B15: {=IFERROR(INDEX(RAW_DATA!$L$5:$L$4000,MATCH(A15,RAW_DATA!$C$5:$C$4000,0)),"DEFAULT")} -> Du học nghề Đức | C15: =IFERROR(SUMPRODUCT((RAW_DATA!C$5:C$2000=A15)*(RAW_DATA!D$5:D$2000>=TODAY()-30)*(RAW_DATA!D$5:D$2000<=TODAY()-1)*RAW_DATA!H$5:H$2000),0) -> 41 | D15: =IF($A15="", "", IFERROR(SUMIFS(RAW_DATA!$J$5:$J$5000, RAW_DATA!$C$5:$C$5000, $A15, RAW_DATA!$D$5:$D$5000, ">="&TODAY()-30, RAW_DATA!$D$5:$D$5000, "<="&TODAY()) / $C15, "–")) -> 137164.51 | E15: =IFERROR(SUMIFS(RAW_DATA!$H$5:$H$4000,RAW_DATA!$C$5:$C$4000,$A15,RAW_DATA!$D$5:$D$4000,">="&TODAY()-7,RAW_DATA!$D$5:$D$4000,"<="&TODAY()),0) -> 8 | F15: =IFERROR(SUMIFS(RAW_DATA!$J$5:$J$4000,RAW_DATA!$C$5:$C$4000,A15,RAW_DATA!$D$5:$D$4000,">="&TODAY()-DECISION_RULES!$B$6,RAW_DATA!$D$5:$D$4000,"<="&TODAY())/E15,"–") -> 152227.5 | G15: =IFERROR(SUMPRODUCT((RAW_DATA!$C$5:$C$5000=A15)*(RAW_DATA!$D$5:$D$4000>=TODAY()-DECISION_RULES!$B$7)*(RAW_DATA!$D$5:$D$4000<=TODAY())*RAW_DATA!$F$5:$F$5000*RAW_DATA!$G$5:$G$5000/100)/SUMIFS(RAW_DATA!$F$5:$F$5000,RAW_DATA!$C$5:$C$5000,A15,RAW_DATA!$D$5:$D$4000,">="&TODAY()-DECISION_RULES!$B$7,RAW_DATA!$D$5:$D$4000,"<="&TODAY())*100,"–") -> 2.9810684 | H15: =IFERROR(VLOOKUP(B15,BENCHMARK!$A:$B,2,FALSE),VLOOKUP("DEFAULT",BENCHMARK!$A:$B,2,FALSE)) -> 150000 | I15: =IF(A15="","-", IF(SUMIFS(RAW_DATA!$J$5:$J$5000,RAW_DATA!$C$5:$C$5000,A15)<DECISION_RULES!$B$5,"CHUA DU DATA", IF(AND(SUMIFS(RAW_DATA!$J$5:$J$5000,RAW_DATA!$C$5:$C$5000,A15)>=DECISION_RULES!$B$5,C15=0,E15=0),"KILL", IF(AND(D15<H15,F15<H15),"SCALE", IF(AND(D15<H15,F15>H15),"WARNING", IF(AND(D15>H15,F15<H15),"TEST","KILL")))))) -> WARNING | J15: =IF(A15="","–",IF(I15="KILL",IF(C15=0,"Da chi tieu nhung 0 conv - tat ngay, kiem tra target va content","Ca 30d va 7d deu kem - nen tat hoac thay content moi"),IF(I15="SCALE","30d va 7d deu tot - co the tang budget 20-30%",IF(I15="WARNING","30d tot nhung 7d dang xau - KHONG scale, theo doi them 3 ngay",IF(I15="TEST","30d chua tot nhung 7d dang cai thien - giu nguyen, cho them 3-5 ngay","Chua du du lieu - can chi tieu "&DECISION_RULES!$B$5&" de danh gia chinh xac"))))) -> 30d tot nhung 7d dang xau - KHONG scale, theo doi them 3 ngay
A16: =IFERROR(__xludf.DUMMYFUNCTION("""COMPUTED_VALUE"""),"DHND_Reels_HuongDiTrienVong_0226_3960") -> DHND_Reels_HuongDiTrienVong_0226_3960 | B16: {=IFERROR(INDEX(RAW_DATA!$L$5:$L$4000,MATCH(A16,RAW_DATA!$C$5:$C$4000,0)),"DEFAULT")} -> Du học nghề Đức | C16: =IFERROR(SUMPRODUCT((RAW_DATA!C$5:C$2000=A16)*(RAW_DATA!D$5:D$2000>=TODAY()-30)*(RAW_DATA!D$5:D$2000<=TODAY()-1)*RAW_DATA!H$5:H$2000),0) -> 30 | D16: =IF($A16="", "", IFERROR(SUMIFS(RAW_DATA!$J$5:$J$5000, RAW_DATA!$C$5:$C$5000, $A16, RAW_DATA!$D$5:$D$5000, ">="&TODAY()-30, RAW_DATA!$D$5:$D$5000, "<="&TODAY()) / $C16, "–")) -> 126224.1 | E16: =IFERROR(SUMIFS(RAW_DATA!$H$5:$H$4000,RAW_DATA!$C$5:$C$4000,$A16,RAW_DATA!$D$5:$D$4000,">="&TODAY()-7,RAW_DATA!$D$5:$D$4000,"<="&TODAY()),0) -> 6 | F16: =IFERROR(SUMIFS(RAW_DATA!$J$5:$J$4000,RAW_DATA!$C$5:$C$4000,A16,RAW_DATA!$D$5:$D$4000,">="&TODAY()-DECISION_RULES!$B$6,RAW_DATA!$D$5:$D$4000,"<="&TODAY())/E16,"–") -> 189918.33 | G16: =IFERROR(SUMPRODUCT((RAW_DATA!$C$5:$C$5000=A16)*(RAW_DATA!$D$5:$D$4000>=TODAY()-DECISION_RULES!$B$7)*(RAW_DATA!$D$5:$D$4000<=TODAY())*RAW_DATA!$F$5:$F$5000*RAW_DATA!$G$5:$G$5000/100)/SUMIFS(RAW_DATA!$F$5:$F$5000,RAW_DATA!$C$5:$C$5000,A16,RAW_DATA!$D$5:$D$4000,">="&TODAY()-DECISION_RULES!$B$7,RAW_DATA!$D$5:$D$4000,"<="&TODAY())*100,"–") -> 2.041704 | H16: =IFERROR(VLOOKUP(B16,BENCHMARK!$A:$B,2,FALSE),VLOOKUP("DEFAULT",BENCHMARK!$A:$B,2,FALSE)) -> 150000 | I16: =IF(A16="","-", IF(SUMIFS(RAW_DATA!$J$5:$J$5000,RAW_DATA!$C$5:$C$5000,A16)<DECISION_RULES!$B$5,"CHUA DU DATA", IF(AND(SUMIFS(RAW_DATA!$J$5:$J$5000,RAW_DATA!$C$5:$C$5000,A16)>=DECISION_RULES!$B$5,C16=0,E16=0),"KILL", IF(AND(D16<H16,F16<H16),"SCALE", IF(AND(D16<H16,F16>H16),"WARNING", IF(AND(D16>H16,F16<H16),"TEST","KILL")))))) -> WARNING | J16: =IF(A16="","–",IF(I16="KILL",IF(C16=0,"Da chi tieu nhung 0 conv - tat ngay, kiem tra target va content","Ca 30d va 7d deu kem - nen tat hoac thay content moi"),IF(I16="SCALE","30d va 7d deu tot - co the tang budget 20-30%",IF(I16="WARNING","30d tot nhung 7d dang xau - KHONG scale, theo doi them 3 ngay",IF(I16="TEST","30d chua tot nhung 7d dang cai thien - giu nguyen, cho them 3-5 ngay","Chua du du lieu - can chi tieu "&DECISION_RULES!$B$5&" de danh gia chinh xac"))))) -> 30d tot nhung 7d dang xau - KHONG scale, theo doi them 3 ngay
A17: =IFERROR(__xludf.DUMMYFUNCTION("""COMPUTED_VALUE"""),"DHND_Reels_HuongDiTrienVong_0924_2253") -> DHND_Reels_HuongDiTrienVong_0924_2253 | B17: {=IFERROR(INDEX(RAW_DATA!$L$5:$L$4000,MATCH(A17,RAW_DATA!$C$5:$C$4000,0)),"DEFAULT")} -> Du học nghề Đức | C17: =IFERROR(SUMPRODUCT((RAW_DATA!C$5:C$2000=A17)*(RAW_DATA!D$5:D$2000>=TODAY()-30)*(RAW_DATA!D$5:D$2000<=TODAY()-1)*RAW_DATA!H$5:H$2000),0) -> 82 | D17: =IF($A17="", "", IFERROR(SUMIFS(RAW_DATA!$J$5:$J$5000, RAW_DATA!$C$5:$C$5000, $A17, RAW_DATA!$D$5:$D$5000, ">="&TODAY()-30, RAW_DATA!$D$5:$D$5000, "<="&TODAY()) / $C17, "–")) -> 105501.02 | E17: =IFERROR(SUMIFS(RAW_DATA!$H$5:$H$4000,RAW_DATA!$C$5:$C$4000,$A17,RAW_DATA!$D$5:$D$4000,">="&TODAY()-7,RAW_DATA!$D$5:$D$4000,"<="&TODAY()),0) -> 16 | F17: =IFERROR(SUMIFS(RAW_DATA!$J$5:$J$4000,RAW_DATA!$C$5:$C$4000,A17,RAW_DATA!$D$5:$D$4000,">="&TODAY()-DECISION_RULES!$B$6,RAW_DATA!$D$5:$D$4000,"<="&TODAY())/E17,"–") -> 119731.25 | G17: =IFERROR(SUMPRODUCT((RAW_DATA!$C$5:$C$5000=A17)*(RAW_DATA!$D$5:$D$4000>=TODAY()-DECISION_RULES!$B$7)*(RAW_DATA!$D$5:$D$4000<=TODAY())*RAW_DATA!$F$5:$F$5000*RAW_DATA!$G$5:$G$5000/100)/SUMIFS(RAW_DATA!$F$5:$F$5000,RAW_DATA!$C$5:$C$5000,A17,RAW_DATA!$D$5:$D$4000,">="&TODAY()-DECISION_RULES!$B$7,RAW_DATA!$D$5:$D$4000,"<="&TODAY())*100,"–") -> 2.1197055 | H17: =IFERROR(VLOOKUP(B17,BENCHMARK!$A:$B,2,FALSE),VLOOKUP("DEFAULT",BENCHMARK!$A:$B,2,FALSE)) -> 150000 | I17: =IF(A17="","-", IF(SUMIFS(RAW_DATA!$J$5:$J$5000,RAW_DATA!$C$5:$C$5000,A17)<DECISION_RULES!$B$5,"CHUA DU DATA", IF(AND(SUMIFS(RAW_DATA!$J$5:$J$5000,RAW_DATA!$C$5:$C$5000,A17)>=DECISION_RULES!$B$5,C17=0,E17=0),"KILL", IF(AND(D17<H17,F17<H17),"SCALE", IF(AND(D17<H17,F17>H17),"WARNING", IF(AND(D17>H17,F17<H17),"TEST","KILL")))))) -> SCALE | J17: =IF(A17="","–",IF(I17="KILL",IF(C17=0,"Da chi tieu nhung 0 conv - tat ngay, kiem tra target va content","Ca 30d va 7d deu kem - nen tat hoac thay content moi"),IF(I17="SCALE","30d va 7d deu tot - co the tang budget 20-30%",IF(I17="WARNING","30d tot nhung 7d dang xau - KHONG scale, theo doi them 3 ngay",IF(I17="TEST","30d chua tot nhung 7d dang cai thien - giu nguyen, cho them 3-5 ngay","Chua du du lieu - can chi tieu "&DECISION_RULES!$B$5&" de danh gia chinh xac"))))) -> 30d va 7d deu tot - co the tang budget 20-30%
A18: =IFERROR(__xludf.DUMMYFUNCTION("""COMPUTED_VALUE"""),"Duc_Album_Chung_NangTrinhCapToc_0925_5171") -> Duc_Album_Chung_NangTrinhCapToc_0925_5171 | B18: {=IFERROR(INDEX(RAW_DATA!$L$5:$L$4000,MATCH(A18,RAW_DATA!$C$5:$C$4000,0)),"DEFAULT")} -> Tiếng Đức | C18: =IFERROR(SUMPRODUCT((RAW_DATA!C$5:C$2000=A18)*(RAW_DATA!D$5:D$2000>=TODAY()-30)*(RAW_DATA!D$5:D$2000<=TODAY()-1)*RAW_DATA!H$5:H$2000),0) -> 56 | D18: =IF($A18="", "", IFERROR(SUMIFS(RAW_DATA!$J$5:$J$5000, RAW_DATA!$C$5:$C$5000, $A18, RAW_DATA!$D$5:$D$5000, ">="&TODAY()-30, RAW_DATA!$D$5:$D$5000, "<="&TODAY()) / $C18, "–")) -> 116264.43 | E18: =IFERROR(SUMIFS(RAW_DATA!$H$5:$H$4000,RAW_DATA!$C$5:$C$4000,$A18,RAW_DATA!$D$5:$D$4000,">="&TODAY()-7,RAW_DATA!$D$5:$D$4000,"<="&TODAY()),0) -> 14 | F18: =IFERROR(SUMIFS(RAW_DATA!$J$5:$J$4000,RAW_DATA!$C$5:$C$4000,A18,RAW_DATA!$D$5:$D$4000,">="&TODAY()-DECISION_RULES!$B$6,RAW_DATA!$D$5:$D$4000,"<="&TODAY())/E18,"–") -> 122518.93 | G18: =IFERROR(SUMPRODUCT((RAW_DATA!$C$5:$C$5000=A18)*(RAW_DATA!$D$5:$D$4000>=TODAY()-DECISION_RULES!$B$7)*(RAW_DATA!$D$5:$D$4000<=TODAY())*RAW_DATA!$F$5:$F$5000*RAW_DATA!$G$5:$G$5000/100)/SUMIFS(RAW_DATA!$F$5:$F$5000,RAW_DATA!$C$5:$C$5000,A18,RAW_DATA!$D$5:$D$4000,">="&TODAY()-DECISION_RULES!$B$7,RAW_DATA!$D$5:$D$4000,"<="&TODAY())*100,"–") -> 1.1352962 | H18: =IFERROR(VLOOKUP(B18,BENCHMARK!$A:$B,2,FALSE),VLOOKUP("DEFAULT",BENCHMARK!$A:$B,2,FALSE)) -> 150000 | I18: =IF(A18="","-", IF(SUMIFS(RAW_DATA!$J$5:$J$5000,RAW_DATA!$C$5:$C$5000,A18)<DECISION_RULES!$B$5,"CHUA DU DATA", IF(AND(SUMIFS(RAW_DATA!$J$5:$J$5000,RAW_DATA!$C$5:$C$5000,A18)>=DECISION_RULES!$B$5,C18=0,E18=0),"KILL", IF(AND(D18<H18,F18<H18),"SCALE", IF(AND(D18<H18,F18>H18),"WARNING", IF(AND(D18>H18,F18<H18),"TEST","KILL")))))) -> SCALE | J18: =IF(A18="","–",IF(I18="KILL",IF(C18=0,"Da chi tieu nhung 0 conv - tat ngay, kiem tra target va content","Ca 30d va 7d deu kem - nen tat hoac thay content moi"),IF(I18="SCALE","30d va 7d deu tot - co the tang budget 20-30%",IF(I18="WARNING","30d tot nhung 7d dang xau - KHONG scale, theo doi them 3 ngay",IF(I18="TEST","30d chua tot nhung 7d dang cai thien - giu nguyen, cho them 3-5 ngay","Chua du du lieu - can chi tieu "&DECISION_RULES!$B$5&" de danh gia chinh xac"))))) -> 30d va 7d deu tot - co the tang budget 20-30%
A19: =IFERROR(__xludf.DUMMYFUNCTION("""COMPUTED_VALUE"""),"Duc_Album_GoiKhongGioiHan_1024_5171") -> Duc_Album_GoiKhongGioiHan_1024_5171 | B19: {=IFERROR(INDEX(RAW_DATA!$L$5:$L$4000,MATCH(A19,RAW_DATA!$C$5:$C$4000,0)),"DEFAULT")} -> Tiếng Đức | C19: =IFERROR(SUMPRODUCT((RAW_DATA!C$5:C$2000=A19)*(RAW_DATA!D$5:D$2000>=TODAY()-30)*(RAW_DATA!D$5:D$2000<=TODAY()-1)*RAW_DATA!H$5:H$2000),0) -> 43 | D19: =IF($A19="", "", IFERROR(SUMIFS(RAW_DATA!$J$5:$J$5000, RAW_DATA!$C$5:$C$5000, $A19, RAW_DATA!$D$5:$D$5000, ">="&TODAY()-30, RAW_DATA!$D$5:$D$5000, "<="&TODAY()) / $C19, "–")) -> 181258.84 | E19: =IFERROR(SUMIFS(RAW_DATA!$H$5:$H$4000,RAW_DATA!$C$5:$C$4000,$A19,RAW_DATA!$D$5:$D$4000,">="&TODAY()-7,RAW_DATA!$D$5:$D$4000,"<="&TODAY()),0) -> 15 | F19: =IFERROR(SUMIFS(RAW_DATA!$J$5:$J$4000,RAW_DATA!$C$5:$C$4000,A19,RAW_DATA!$D$5:$D$4000,">="&TODAY()-DECISION_RULES!$B$6,RAW_DATA!$D$5:$D$4000,"<="&TODAY())/E19,"–") -> 208964.13 | G19: =IFERROR(SUMPRODUCT((RAW_DATA!$C$5:$C$5000=A19)*(RAW_DATA!$D$5:$D$4000>=TODAY()-DECISION_RULES!$B$7)*(RAW_DATA!$D$5:$D$4000<=TODAY())*RAW_DATA!$F$5:$F$5000*RAW_DATA!$G$5:$G$5000/100)/SUMIFS(RAW_DATA!$F$5:$F$5000,RAW_DATA!$C$5:$C$5000,A19,RAW_DATA!$D$5:$D$4000,">="&TODAY()-DECISION_RULES!$B$7,RAW_DATA!$D$5:$D$4000,"<="&TODAY())*100,"–") -> 0.80519359 | H19: =IFERROR(VLOOKUP(B19,BENCHMARK!$A:$B,2,FALSE),VLOOKUP("DEFAULT",BENCHMARK!$A:$B,2,FALSE)) -> 150000 | I19: =IF(A19="","-", IF(SUMIFS(RAW_DATA!$J$5:$J$5000,RAW_DATA!$C$5:$C$5000,A19)<DECISION_RULES!$B$5,"CHUA DU DATA", IF(AND(SUMIFS(RAW_DATA!$J$5:$J$5000,RAW_DATA!$C$5:$C$5000,A19)>=DECISION_RULES!$B$5,C19=0,E19=0),"KILL", IF(AND(D19<H19,F19<H19),"SCALE", IF(AND(D19<H19,F19>H19),"WARNING", IF(AND(D19>H19,F19<H19),"TEST","KILL")))))) -> KILL | J19: =IF(A19="","–",IF(I19="KILL",IF(C19=0,"Da chi tieu nhung 0 conv - tat ngay, kiem tra target va content","Ca 30d va 7d deu kem - nen tat hoac thay content moi"),IF(I19="SCALE","30d va 7d deu tot - co the tang budget 20-30%",IF(I19="WARNING","30d tot nhung 7d dang xau - KHONG scale, theo doi them 3 ngay",IF(I19="TEST","30d chua tot nhung 7d dang cai thien - giu nguyen, cho them 3-5 ngay","Chua du du lieu - can chi tieu "&DECISION_RULES!$B$5&" de danh gia chinh xac"))))) -> Ca 30d va 7d deu kem - nen tat hoac thay content moi | K19: Chỉ có 1 post QC
A20: =IFERROR(__xludf.DUMMYFUNCTION("""COMPUTED_VALUE"""),"Duc_Album_Offfline_LKG_RucRo_0326_5171") -> Duc_Album_Offfline_LKG_RucRo_0326_5171 | B20: {=IFERROR(INDEX(RAW_DATA!$L$5:$L$4000,MATCH(A20,RAW_DATA!$C$5:$C$4000,0)),"DEFAULT")} -> Tiếng Đức | C20: =IFERROR(SUMPRODUCT((RAW_DATA!C$5:C$2000=A20)*(RAW_DATA!D$5:D$2000>=TODAY()-30)*(RAW_DATA!D$5:D$2000<=TODAY()-1)*RAW_DATA!H$5:H$2000),0) -> 26 | D20: =IF($A20="", "", IFERROR(SUMIFS(RAW_DATA!$J$5:$J$5000, RAW_DATA!$C$5:$C$5000, $A20, RAW_DATA!$D$5:$D$5000, ">="&TODAY()-30, RAW_DATA!$D$5:$D$5000, "<="&TODAY()) / $C20, "–")) -> 180712.54 | E20: =IFERROR(SUMIFS(RAW_DATA!$H$5:$H$4000,RAW_DATA!$C$5:$C$4000,$A20,RAW_DATA!$D$5:$D$4000,">="&TODAY()-7,RAW_DATA!$D$5:$D$4000,"<="&TODAY()),0) -> 8 | F20: =IFERROR(SUMIFS(RAW_DATA!$J$5:$J$4000,RAW_DATA!$C$5:$C$4000,A20,RAW_DATA!$D$5:$D$4000,">="&TODAY()-DECISION_RULES!$B$6,RAW_DATA!$D$5:$D$4000,"<="&TODAY())/E20,"–") -> 206667.12 | G20: =IFERROR(SUMPRODUCT((RAW_DATA!$C$5:$C$5000=A20)*(RAW_DATA!$D$5:$D$4000>=TODAY()-DECISION_RULES!$B$7)*(RAW_DATA!$D$5:$D$4000<=TODAY())*RAW_DATA!$F$5:$F$5000*RAW_DATA!$G$5:$G$5000/100)/SUMIFS(RAW_DATA!$F$5:$F$5000,RAW_DATA!$C$5:$C$5000,A20,RAW_DATA!$D$5:$D$4000,">="&TODAY()-DECISION_RULES!$B$7,RAW_DATA!$D$5:$D$4000,"<="&TODAY())*100,"–") -> 1.1693256 | H20: =IFERROR(VLOOKUP(B20,BENCHMARK!$A:$B,2,FALSE),VLOOKUP("DEFAULT",BENCHMARK!$A:$B,2,FALSE)) -> 150000 | I20: =IF(A20="","-", IF(SUMIFS(RAW_DATA!$J$5:$J$5000,RAW_DATA!$C$5:$C$5000,A20)<DECISION_RULES!$B$5,"CHUA DU DATA", IF(AND(SUMIFS(RAW_DATA!$J$5:$J$5000,RAW_DATA!$C$5:$C$5000,A20)>=DECISION_RULES!$B$5,C20=0,E20=0),"KILL", IF(AND(D20<H20,F20<H20),"SCALE", IF(AND(D20<H20,F20>H20),"WARNING", IF(AND(D20>H20,F20<H20),"TEST","KILL")))))) -> KILL | J20: =IF(A20="","–",IF(I20="KILL",IF(C20=0,"Da chi tieu nhung 0 conv - tat ngay, kiem tra target va content","Ca 30d va 7d deu kem - nen tat hoac thay content moi"),IF(I20="SCALE","30d va 7d deu tot - co the tang budget 20-30%",IF(I20="WARNING","30d tot nhung 7d dang xau - KHONG scale, theo doi them 3 ngay",IF(I20="TEST","30d chua tot nhung 7d dang cai thien - giu nguyen, cho them 3-5 ngay","Chua du du lieu - can chi tieu "&DECISION_RULES!$B$5&" de danh gia chinh xac"))))) -> Ca 30d va 7d deu kem - nen tat hoac thay content moi | K20: Kill 21/5
A21: =IFERROR(__xludf.DUMMYFUNCTION("""COMPUTED_VALUE"""),"Duc_Album_Offline_LKG_ThuMoi_1025_5171") -> Duc_Album_Offline_LKG_ThuMoi_1025_5171 | B21: {=IFERROR(INDEX(RAW_DATA!$L$5:$L$4000,MATCH(A21,RAW_DATA!$C$5:$C$4000,0)),"DEFAULT")} -> Tiếng Đức | C21: =IFERROR(SUMPRODUCT((RAW_DATA!C$5:C$2000=A21)*(RAW_DATA!D$5:D$2000>=TODAY()-30)*(RAW_DATA!D$5:D$2000<=TODAY()-1)*RAW_DATA!H$5:H$2000),0) -> 6 | D21: =IF($A21="", "", IFERROR(SUMIFS(RAW_DATA!$J$5:$J$5000, RAW_DATA!$C$5:$C$5000, $A21, RAW_DATA!$D$5:$D$5000, ">="&TODAY()-30, RAW_DATA!$D$5:$D$5000, "<="&TODAY()) / $C21, "–")) -> 242533.33 | E21: =IFERROR(SUMIFS(RAW_DATA!$H$5:$H$4000,RAW_DATA!$C$5:$C$4000,$A21,RAW_DATA!$D$5:$D$4000,">="&TODAY()-7,RAW_DATA!$D$5:$D$4000,"<="&TODAY()),0) -> 0 | F21: =IFERROR(SUMIFS(RAW_DATA!$J$5:$J$4000,RAW_DATA!$C$5:$C$4000,A21,RAW_DATA!$D$5:$D$4000,">="&TODAY()-DECISION_RULES!$B$6,RAW_DATA!$D$5:$D$4000,"<="&TODAY())/E21,"–") -> – | G21: =IFERROR(SUMPRODUCT((RAW_DATA!$C$5:$C$5000=A21)*(RAW_DATA!$D$5:$D$4000>=TODAY()-DECISION_RULES!$B$7)*(RAW_DATA!$D$5:$D$4000<=TODAY())*RAW_DATA!$F$5:$F$5000*RAW_DATA!$G$5:$G$5000/100)/SUMIFS(RAW_DATA!$F$5:$F$5000,RAW_DATA!$C$5:$C$5000,A21,RAW_DATA!$D$5:$D$4000,">="&TODAY()-DECISION_RULES!$B$7,RAW_DATA!$D$5:$D$4000,"<="&TODAY())*100,"–") -> 1.2988691 | H21: =IFERROR(VLOOKUP(B21,BENCHMARK!$A:$B,2,FALSE),VLOOKUP("DEFAULT",BENCHMARK!$A:$B,2,FALSE)) -> 150000 | I21: =IF(A21="","-", IF(SUMIFS(RAW_DATA!$J$5:$J$5000,RAW_DATA!$C$5:$C$5000,A21)<DECISION_RULES!$B$5,"CHUA DU DATA", IF(AND(SUMIFS(RAW_DATA!$J$5:$J$5000,RAW_DATA!$C$5:$C$5000,A21)>=DECISION_RULES!$B$5,C21=0,E21=0),"KILL", IF(AND(D21<H21,F21<H21),"SCALE", IF(AND(D21<H21,F21>H21),"WARNING", IF(AND(D21>H21,F21<H21),"TEST","KILL")))))) -> KILL | J21: =IF(A21="","–",IF(I21="KILL",IF(C21=0,"Da chi tieu nhung 0 conv - tat ngay, kiem tra target va content","Ca 30d va 7d deu kem - nen tat hoac thay content moi"),IF(I21="SCALE","30d va 7d deu tot - co the tang budget 20-30%",IF(I21="WARNING","30d tot nhung 7d dang xau - KHONG scale, theo doi them 3 ngay",IF(I21="TEST","30d chua tot nhung 7d dang cai thien - giu nguyen, cho them 3-5 ngay","Chua du du lieu - can chi tieu "&DECISION_RULES!$B$5&" de danh gia chinh xac"))))) -> Ca 30d va 7d deu kem - nen tat hoac thay content moi | K21: Kill 21/5
A22: =IFERROR(__xludf.DUMMYFUNCTION("""COMPUTED_VALUE"""),"Duc_Album_Online_ChiuCanh_0326_5171") -> Duc_Album_Online_ChiuCanh_0326_5171 | B22: {=IFERROR(INDEX(RAW_DATA!$L$5:$L$4000,MATCH(A22,RAW_DATA!$C$5:$C$4000,0)),"DEFAULT")} -> Tiếng Đức | C22: =IFERROR(SUMPRODUCT((RAW_DATA!C$5:C$2000=A22)*(RAW_DATA!D$5:D$2000>=TODAY()-30)*(RAW_DATA!D$5:D$2000<=TODAY()-1)*RAW_DATA!H$5:H$2000),0) -> 59 | D22: =IF($A22="", "", IFERROR(SUMIFS(RAW_DATA!$J$5:$J$5000, RAW_DATA!$C$5:$C$5000, $A22, RAW_DATA!$D$5:$D$5000, ">="&TODAY()-30, RAW_DATA!$D$5:$D$5000, "<="&TODAY()) / $C22, "–")) -> 104711.81 | E22: =IFERROR(SUMIFS(RAW_DATA!$H$5:$H$4000,RAW_DATA!$C$5:$C$4000,$A22,RAW_DATA!$D$5:$D$4000,">="&TODAY()-7,RAW_DATA!$D$5:$D$4000,"<="&TODAY()),0) -> 16 | F22: =IFERROR(SUMIFS(RAW_DATA!$J$5:$J$4000,RAW_DATA!$C$5:$C$4000,A22,RAW_DATA!$D$5:$D$4000,">="&TODAY()-DECISION_RULES!$B$6,RAW_DATA!$D$5:$D$4000,"<="&TODAY())/E22,"–") -> 116812.38 | G22: =IFERROR(SUMPRODUCT((RAW_DATA!$C$5:$C$5000=A22)*(RAW_DATA!$D$5:$D$4000>=TODAY()-DECISION_RULES!$B$7)*(RAW_DATA!$D$5:$D$4000<=TODAY())*RAW_DATA!$F$5:$F$5000*RAW_DATA!$G$5:$G$5000/100)/SUMIFS(RAW_DATA!$F$5:$F$5000,RAW_DATA!$C$5:$C$5000,A22,RAW_DATA!$D$5:$D$4000,">="&TODAY()-DECISION_RULES!$B$7,RAW_DATA!$D$5:$D$4000,"<="&TODAY())*100,"–") -> 1.2134623 | H22: =IFERROR(VLOOKUP(B22,BENCHMARK!$A:$B,2,FALSE),VLOOKUP("DEFAULT",BENCHMARK!$A:$B,2,FALSE)) -> 150000 | I22: =IF(A22="","-", IF(SUMIFS(RAW_DATA!$J$5:$J$5000,RAW_DATA!$C$5:$C$5000,A22)<DECISION_RULES!$B$5,"CHUA DU DATA", IF(AND(SUMIFS(RAW_DATA!$J$5:$J$5000,RAW_DATA!$C$5:$C$5000,A22)>=DECISION_RULES!$B$5,C22=0,E22=0),"KILL", IF(AND(D22<H22,F22<H22),"SCALE", IF(AND(D22<H22,F22>H22),"WARNING", IF(AND(D22>H22,F22<H22),"TEST","KILL")))))) -> SCALE | J22: =IF(A22="","–",IF(I22="KILL",IF(C22=0,"Da chi tieu nhung 0 conv - tat ngay, kiem tra target va content","Ca 30d va 7d deu kem - nen tat hoac thay content moi"),IF(I22="SCALE","30d va 7d deu tot - co the tang budget 20-30%",IF(I22="WARNING","30d tot nhung 7d dang xau - KHONG scale, theo doi them 3 ngay",IF(I22="TEST","30d chua tot nhung 7d dang cai thien - giu nguyen, cho them 3-5 ngay","Chua du du lieu - can chi tieu "&DECISION_RULES!$B$5&" de danh gia chinh xac"))))) -> 30d va 7d deu tot - co the tang budget 20-30%
A23: =IFERROR(__xludf.DUMMYFUNCTION("""COMPUTED_VALUE"""),"Duc_Album_Online_GhiDanh_0326_5171") -> Duc_Album_Online_GhiDanh_0326_5171 | B23: {=IFERROR(INDEX(RAW_DATA!$L$5:$L$4000,MATCH(A23,RAW_DATA!$C$5:$C$4000,0)),"DEFAULT")} -> Tiếng Đức | C23: =IFERROR(SUMPRODUCT((RAW_DATA!C$5:C$2000=A23)*(RAW_DATA!D$5:D$2000>=TODAY()-30)*(RAW_DATA!D$5:D$2000<=TODAY()-1)*RAW_DATA!H$5:H$2000),0) -> 0 | D23: =IF($A23="", "", IFERROR(SUMIFS(RAW_DATA!$J$5:$J$5000, RAW_DATA!$C$5:$C$5000, $A23, RAW_DATA!$D$5:$D$5000, ">="&TODAY()-30, RAW_DATA!$D$5:$D$5000, "<="&TODAY()) / $C23, "–")) -> – | E23: =IFERROR(SUMIFS(RAW_DATA!$H$5:$H$4000,RAW_DATA!$C$5:$C$4000,$A23,RAW_DATA!$D$5:$D$4000,">="&TODAY()-7,RAW_DATA!$D$5:$D$4000,"<="&TODAY()),0) -> 0 | F23: =IFERROR(SUMIFS(RAW_DATA!$J$5:$J$4000,RAW_DATA!$C$5:$C$4000,A23,RAW_DATA!$D$5:$D$4000,">="&TODAY()-DECISION_RULES!$B$6,RAW_DATA!$D$5:$D$4000,"<="&TODAY())/E23,"–") -> – | G23: =IFERROR(SUMPRODUCT((RAW_DATA!$C$5:$C$5000=A23)*(RAW_DATA!$D$5:$D$4000>=TODAY()-DECISION_RULES!$B$7)*(RAW_DATA!$D$5:$D$4000<=TODAY())*RAW_DATA!$F$5:$F$5000*RAW_DATA!$G$5:$G$5000/100)/SUMIFS(RAW_DATA!$F$5:$F$5000,RAW_DATA!$C$5:$C$5000,A23,RAW_DATA!$D$5:$D$4000,">="&TODAY()-DECISION_RULES!$B$7,RAW_DATA!$D$5:$D$4000,"<="&TODAY())*100,"–") -> 0.88560886 | H23: =IFERROR(VLOOKUP(B23,BENCHMARK!$A:$B,2,FALSE),VLOOKUP("DEFAULT",BENCHMARK!$A:$B,2,FALSE)) -> 150000 | I23: =IF(A23="","-", IF(SUMIFS(RAW_DATA!$J$5:$J$5000,RAW_DATA!$C$5:$C$5000,A23)<DECISION_RULES!$B$5,"CHUA DU DATA", IF(AND(SUMIFS(RAW_DATA!$J$5:$J$5000,RAW_DATA!$C$5:$C$5000,A23)>=DECISION_RULES!$B$5,C23=0,E23=0),"KILL", IF(AND(D23<H23,F23<H23),"SCALE", IF(AND(D23<H23,F23>H23),"WARNING", IF(AND(D23>H23,F23<H23),"TEST","KILL")))))) -> CHUA DU DATA | J23: =IF(A23="","–",IF(I23="KILL",IF(C23=0,"Da chi tieu nhung 0 conv - tat ngay, kiem tra target va content","Ca 30d va 7d deu kem - nen tat hoac thay content moi"),IF(I23="SCALE","30d va 7d deu tot - co the tang budget 20-30%",IF(I23="WARNING","30d tot nhung 7d dang xau - KHONG scale, theo doi them 3 ngay",IF(I23="TEST","30d chua tot nhung 7d dang cai thien - giu nguyen, cho them 3-5 ngay","Chua du du lieu - can chi tieu "&DECISION_RULES!$B$5&" de danh gia chinh xac"))))) -> Chua du du lieu - can chi tieu 100000 de danh gia chinh xac
A24: =IFERROR(__xludf.DUMMYFUNCTION("""COMPUTED_VALUE"""),"Duc_Album_Online_LKG_VeSi_0425_5171") -> Duc_Album_Online_LKG_VeSi_0425_5171 | B24: {=IFERROR(INDEX(RAW_DATA!$L$5:$L$4000,MATCH(A24,RAW_DATA!$C$5:$C$4000,0)),"DEFAULT")} -> Tiếng Đức | C24: =IFERROR(SUMPRODUCT((RAW_DATA!C$5:C$2000=A24)*(RAW_DATA!D$5:D$2000>=TODAY()-30)*(RAW_DATA!D$5:D$2000<=TODAY()-1)*RAW_DATA!H$5:H$2000),0) -> 43 | D24: =IF($A24="", "", IFERROR(SUMIFS(RAW_DATA!$J$5:$J$5000, RAW_DATA!$C$5:$C$5000, $A24, RAW_DATA!$D$5:$D$5000, ">="&TODAY()-30, RAW_DATA!$D$5:$D$5000, "<="&TODAY()) / $C24, "–")) -> 136135.44 | E24: =IFERROR(SUMIFS(RAW_DATA!$H$5:$H$4000,RAW_DATA!$C$5:$C$4000,$A24,RAW_DATA!$D$5:$D$4000,">="&TODAY()-7,RAW_DATA!$D$5:$D$4000,"<="&TODAY()),0) -> 10 | F24: =IFERROR(SUMIFS(RAW_DATA!$J$5:$J$4000,RAW_DATA!$C$5:$C$4000,A24,RAW_DATA!$D$5:$D$4000,">="&TODAY()-DECISION_RULES!$B$6,RAW_DATA!$D$5:$D$4000,"<="&TODAY())/E24,"–") -> 112477.6 | G24: =IFERROR(SUMPRODUCT((RAW_DATA!$C$5:$C$5000=A24)*(RAW_DATA!$D$5:$D$4000>=TODAY()-DECISION_RULES!$B$7)*(RAW_DATA!$D$5:$D$4000<=TODAY())*RAW_DATA!$F$5:$F$5000*RAW_DATA!$G$5:$G$5000/100)/SUMIFS(RAW_DATA!$F$5:$F$5000,RAW_DATA!$C$5:$C$5000,A24,RAW_DATA!$D$5:$D$4000,">="&TODAY()-DECISION_RULES!$B$7,RAW_DATA!$D$5:$D$4000,"<="&TODAY())*100,"–") -> 1.2304178 | H24: =IFERROR(VLOOKUP(B24,BENCHMARK!$A:$B,2,FALSE),VLOOKUP("DEFAULT",BENCHMARK!$A:$B,2,FALSE)) -> 150000 | I24: =IF(A24="","-", IF(SUMIFS(RAW_DATA!$J$5:$J$5000,RAW_DATA!$C$5:$C$5000,A24)<DECISION_RULES!$B$5,"CHUA DU DATA", IF(AND(SUMIFS(RAW_DATA!$J$5:$J$5000,RAW_DATA!$C$5:$C$5000,A24)>=DECISION_RULES!$B$5,C24=0,E24=0),"KILL", IF(AND(D24<H24,F24<H24),"SCALE", IF(AND(D24<H24,F24>H24),"WARNING", IF(AND(D24>H24,F24<H24),"TEST","KILL")))))) -> SCALE | J24: =IF(A24="","–",IF(I24="KILL",IF(C24=0,"Da chi tieu nhung 0 conv - tat ngay, kiem tra target va content","Ca 30d va 7d deu kem - nen tat hoac thay content moi"),IF(I24="SCALE","30d va 7d deu tot - co the tang budget 20-30%",IF(I24="WARNING","30d tot nhung 7d dang xau - KHONG scale, theo doi them 3 ngay",IF(I24="TEST","30d chua tot nhung 7d dang cai thien - giu nguyen, cho them 3-5 ngay","Chua du du lieu - can chi tieu "&DECISION_RULES!$B$5&" de danh gia chinh xac"))))) -> 30d va 7d deu tot - co the tang budget 20-30%
A25: =IFERROR(__xludf.DUMMYFUNCTION("""COMPUTED_VALUE"""),"Duc_Album_Online1Kem1_PhaVoRaoCao_0926_5171") -> Duc_Album_Online1Kem1_PhaVoRaoCao_0926_5171 | B25: {=IFERROR(INDEX(RAW_DATA!$L$5:$L$4000,MATCH(A25,RAW_DATA!$C$5:$C$4000,0)),"DEFAULT")} -> Tiếng Đức | C25: =IFERROR(SUMPRODUCT((RAW_DATA!C$5:C$2000=A25)*(RAW_DATA!D$5:D$2000>=TODAY()-30)*(RAW_DATA!D$5:D$2000<=TODAY()-1)*RAW_DATA!H$5:H$2000),0) -> 0 | D25: =IF($A25="", "", IFERROR(SUMIFS(RAW_DATA!$J$5:$J$5000, RAW_DATA!$C$5:$C$5000, $A25, RAW_DATA!$D$5:$D$5000, ">="&TODAY()-30, RAW_DATA!$D$5:$D$5000, "<="&TODAY()) / $C25, "–")) -> – | E25: =IFERROR(SUMIFS(RAW_DATA!$H$5:$H$4000,RAW_DATA!$C$5:$C$4000,$A25,RAW_DATA!$D$5:$D$4000,">="&TODAY()-7,RAW_DATA!$D$5:$D$4000,"<="&TODAY()),0) -> 0 | F25: =IFERROR(SUMIFS(RAW_DATA!$J$5:$J$4000,RAW_DATA!$C$5:$C$4000,A25,RAW_DATA!$D$5:$D$4000,">="&TODAY()-DECISION_RULES!$B$6,RAW_DATA!$D$5:$D$4000,"<="&TODAY())/E25,"–") -> – | G25: =IFERROR(SUMPRODUCT((RAW_DATA!$C$5:$C$5000=A25)*(RAW_DATA!$D$5:$D$4000>=TODAY()-DECISION_RULES!$B$7)*(RAW_DATA!$D$5:$D$4000<=TODAY())*RAW_DATA!$F$5:$F$5000*RAW_DATA!$G$5:$G$5000/100)/SUMIFS(RAW_DATA!$F$5:$F$5000,RAW_DATA!$C$5:$C$5000,A25,RAW_DATA!$D$5:$D$4000,">="&TODAY()-DECISION_RULES!$B$7,RAW_DATA!$D$5:$D$4000,"<="&TODAY())*100,"–") -> 1.7304189 | H25: =IFERROR(VLOOKUP(B25,BENCHMARK!$A:$B,2,FALSE),VLOOKUP("DEFAULT",BENCHMARK!$A:$B,2,FALSE)) -> 150000 | I25: =IF(A25="","-", IF(SUMIFS(RAW_DATA!$J$5:$J$5000,RAW_DATA!$C$5:$C$5000,A25)<DECISION_RULES!$B$5,"CHUA DU DATA", IF(AND(SUMIFS(RAW_DATA!$J$5:$J$5000,RAW_DATA!$C$5:$C$5000,A25)>=DECISION_RULES!$B$5,C25=0,E25=0),"KILL", IF(AND(D25<H25,F25<H25),"SCALE", IF(AND(D25<H25,F25>H25),"WARNING", IF(AND(D25>H25,F25<H25),"TEST","KILL")))))) -> CHUA DU DATA | J25: =IF(A25="","–",IF(I25="KILL",IF(C25=0,"Da chi tieu nhung 0 conv - tat ngay, kiem tra target va content","Ca 30d va 7d deu kem - nen tat hoac thay content moi"),IF(I25="SCALE","30d va 7d deu tot - co the tang budget 20-30%",IF(I25="WARNING","30d tot nhung 7d dang xau - KHONG scale, theo doi them 3 ngay",IF(I25="TEST","30d chua tot nhung 7d dang cai thien - giu nguyen, cho them 3-5 ngay","Chua du du lieu - can chi tieu "&DECISION_RULES!$B$5&" de danh gia chinh xac"))))) -> Chua du du lieu - can chi tieu 100000 de danh gia chinh xac
A26: =IFERROR(__xludf.DUMMYFUNCTION("""COMPUTED_VALUE"""),"Duc_Photo_Offfline_ChuongMoi_0226_5171") -> Duc_Photo_Offfline_ChuongMoi_0226_5171 | B26: {=IFERROR(INDEX(RAW_DATA!$L$5:$L$4000,MATCH(A26,RAW_DATA!$C$5:$C$4000,0)),"DEFAULT")} -> Tiếng Đức | C26: =IFERROR(SUMPRODUCT((RAW_DATA!C$5:C$2000=A26)*(RAW_DATA!D$5:D$2000>=TODAY()-30)*(RAW_DATA!D$5:D$2000<=TODAY()-1)*RAW_DATA!H$5:H$2000),0) -> 34 | D26: =IF($A26="", "", IFERROR(SUMIFS(RAW_DATA!$J$5:$J$5000, RAW_DATA!$C$5:$C$5000, $A26, RAW_DATA!$D$5:$D$5000, ">="&TODAY()-30, RAW_DATA!$D$5:$D$5000, "<="&TODAY()) / $C26, "–")) -> 124436 | E26: =IFERROR(SUMIFS(RAW_DATA!$H$5:$H$4000,RAW_DATA!$C$5:$C$4000,$A26,RAW_DATA!$D$5:$D$4000,">="&TODAY()-7,RAW_DATA!$D$5:$D$4000,"<="&TODAY()),0) -> 10 | F26: =IFERROR(SUMIFS(RAW_DATA!$J$5:$J$4000,RAW_DATA!$C$5:$C$4000,A26,RAW_DATA!$D$5:$D$4000,">="&TODAY()-DECISION_RULES!$B$6,RAW_DATA!$D$5:$D$4000,"<="&TODAY())/E26,"–") -> 115419.7 | G26: =IFERROR(SUMPRODUCT((RAW_DATA!$C$5:$C$5000=A26)*(RAW_DATA!$D$5:$D$4000>=TODAY()-DECISION_RULES!$B$7)*(RAW_DATA!$D$5:$D$4000<=TODAY())*RAW_DATA!$F$5:$F$5000*RAW_DATA!$G$5:$G$5000/100)/SUMIFS(RAW_DATA!$F$5:$F$5000,RAW_DATA!$C$5:$C$5000,A26,RAW_DATA!$D$5:$D$4000,">="&TODAY()-DECISION_RULES!$B$7,RAW_DATA!$D$5:$D$4000,"<="&TODAY())*100,"–") -> 0.57154335 | H26: =IFERROR(VLOOKUP(B26,BENCHMARK!$A:$B,2,FALSE),VLOOKUP("DEFAULT",BENCHMARK!$A:$B,2,FALSE)) -> 150000 | I26: =IF(A26="","-", IF(SUMIFS(RAW_DATA!$J$5:$J$5000,RAW_DATA!$C$5:$C$5000,A26)<DECISION_RULES!$B$5,"CHUA DU DATA", IF(AND(SUMIFS(RAW_DATA!$J$5:$J$5000,RAW_DATA!$C$5:$C$5000,A26)>=DECISION_RULES!$B$5,C26=0,E26=0),"KILL", IF(AND(D26<H26,F26<H26),"SCALE", IF(AND(D26<H26,F26>H26),"WARNING", IF(AND(D26>H26,F26<H26),"TEST","KILL")))))) -> SCALE | J26: =IF(A26="","–",IF(I26="KILL",IF(C26=0,"Da chi tieu nhung 0 conv - tat ngay, kiem tra target va content","Ca 30d va 7d deu kem - nen tat hoac thay content moi"),IF(I26="SCALE","30d va 7d deu tot - co the tang budget 20-30%",IF(I26="WARNING","30d tot nhung 7d dang xau - KHONG scale, theo doi them 3 ngay",IF(I26="TEST","30d chua tot nhung 7d dang cai thien - giu nguyen, cho them 3-5 ngay","Chua du du lieu - can chi tieu "&DECISION_RULES!$B$5&" de danh gia chinh xac"))))) -> 30d va 7d deu tot - co the tang budget 20-30%
A27: =IFERROR(__xludf.DUMMYFUNCTION("""COMPUTED_VALUE"""),"Duc_Photo_Offline_LTB1_GVNuocNgoai_0226_5171") -> Duc_Photo_Offline_LTB1_GVNuocNgoai_0226_5171 | B27: {=IFERROR(INDEX(RAW_DATA!$L$5:$L$4000,MATCH(A27,RAW_DATA!$C$5:$C$4000,0)),"DEFAULT")} -> Tiếng Đức | C27: =IFERROR(SUMPRODUCT((RAW_DATA!C$5:C$2000=A27)*(RAW_DATA!D$5:D$2000>=TODAY()-30)*(RAW_DATA!D$5:D$2000<=TODAY()-1)*RAW_DATA!H$5:H$2000),0) -> 1 | D27: =IF($A27="", "", IFERROR(SUMIFS(RAW_DATA!$J$5:$J$5000, RAW_DATA!$C$5:$C$5000, $A27, RAW_DATA!$D$5:$D$5000, ">="&TODAY()-30, RAW_DATA!$D$5:$D$5000, "<="&TODAY()) / $C27, "–")) -> 84634 | E27: =IFERROR(SUMIFS(RAW_DATA!$H$5:$H$4000,RAW_DATA!$C$5:$C$4000,$A27,RAW_DATA!$D$5:$D$4000,">="&TODAY()-7,RAW_DATA!$D$5:$D$4000,"<="&TODAY()),0) -> 1 | F27: =IFERROR(SUMIFS(RAW_DATA!$J$5:$J$4000,RAW_DATA!$C$5:$C$4000,A27,RAW_DATA!$D$5:$D$4000,">="&TODAY()-DECISION_RULES!$B$6,RAW_DATA!$D$5:$D$4000,"<="&TODAY())/E27,"–") -> 66819 | G27: =IFERROR(SUMPRODUCT((RAW_DATA!$C$5:$C$5000=A27)*(RAW_DATA!$D$5:$D$4000>=TODAY()-DECISION_RULES!$B$7)*(RAW_DATA!$D$5:$D$4000<=TODAY())*RAW_DATA!$F$5:$F$5000*RAW_DATA!$G$5:$G$5000/100)/SUMIFS(RAW_DATA!$F$5:$F$5000,RAW_DATA!$C$5:$C$5000,A27,RAW_DATA!$D$5:$D$4000,">="&TODAY()-DECISION_RULES!$B$7,RAW_DATA!$D$5:$D$4000,"<="&TODAY())*100,"–") -> 0.66390042 | H27: =IFERROR(VLOOKUP(B27,BENCHMARK!$A:$B,2,FALSE),VLOOKUP("DEFAULT",BENCHMARK!$A:$B,2,FALSE)) -> 150000 | I27: =IF(A27="","-", IF(SUMIFS(RAW_DATA!$J$5:$J$5000,RAW_DATA!$C$5:$C$5000,A27)<DECISION_RULES!$B$5,"CHUA DU DATA", IF(AND(SUMIFS(RAW_DATA!$J$5:$J$5000,RAW_DATA!$C$5:$C$5000,A27)>=DECISION_RULES!$B$5,C27=0,E27=0),"KILL", IF(AND(D27<H27,F27<H27),"SCALE", IF(AND(D27<H27,F27>H27),"WARNING", IF(AND(D27>H27,F27<H27),"TEST","KILL")))))) -> CHUA DU DATA | J27: =IF(A27="","–",IF(I27="KILL",IF(C27=0,"Da chi tieu nhung 0 conv - tat ngay, kiem tra target va content","Ca 30d va 7d deu kem - nen tat hoac thay content moi"),IF(I27="SCALE","30d va 7d deu tot - co the tang budget 20-30%",IF(I27="WARNING","30d tot nhung 7d dang xau - KHONG scale, theo doi them 3 ngay",IF(I27="TEST","30d chua tot nhung 7d dang cai thien - giu nguyen, cho them 3-5 ngay","Chua du du lieu - can chi tieu "&DECISION_RULES!$B$5&" de danh gia chinh xac"))))) -> Chua du du lieu - can chi tieu 100000 de danh gia chinh xac
A28: =IFERROR(__xludf.DUMMYFUNCTION("""COMPUTED_VALUE"""),"Duc_Photo_Offline_LTB1_GVNuocNgoai_0526_5171") -> Duc_Photo_Offline_LTB1_GVNuocNgoai_0526_5171 | B28: {=IFERROR(INDEX(RAW_DATA!$L$5:$L$4000,MATCH(A28,RAW_DATA!$C$5:$C$4000,0)),"DEFAULT")} -> Tiếng Đức | C28: =IFERROR(SUMPRODUCT((RAW_DATA!C$5:C$2000=A28)*(RAW_DATA!D$5:D$2000>=TODAY()-30)*(RAW_DATA!D$5:D$2000<=TODAY()-1)*RAW_DATA!H$5:H$2000),0) -> 6 | D28: =IF($A28="", "", IFERROR(SUMIFS(RAW_DATA!$J$5:$J$5000, RAW_DATA!$C$5:$C$5000, $A28, RAW_DATA!$D$5:$D$5000, ">="&TODAY()-30, RAW_DATA!$D$5:$D$5000, "<="&TODAY()) / $C28, "–")) -> 161003 | E28: =IFERROR(SUMIFS(RAW_DATA!$H$5:$H$4000,RAW_DATA!$C$5:$C$4000,$A28,RAW_DATA!$D$5:$D$4000,">="&TODAY()-7,RAW_DATA!$D$5:$D$4000,"<="&TODAY()),0) -> 5 | F28: =IFERROR(SUMIFS(RAW_DATA!$J$5:$J$4000,RAW_DATA!$C$5:$C$4000,A28,RAW_DATA!$D$5:$D$4000,">="&TODAY()-DECISION_RULES!$B$6,RAW_DATA!$D$5:$D$4000,"<="&TODAY())/E28,"–") -> 154853.4 | G28: =IFERROR(SUMPRODUCT((RAW_DATA!$C$5:$C$5000=A28)*(RAW_DATA!$D$5:$D$4000>=TODAY()-DECISION_RULES!$B$7)*(RAW_DATA!$D$5:$D$4000<=TODAY())*RAW_DATA!$F$5:$F$5000*RAW_DATA!$G$5:$G$5000/100)/SUMIFS(RAW_DATA!$F$5:$F$5000,RAW_DATA!$C$5:$C$5000,A28,RAW_DATA!$D$5:$D$4000,">="&TODAY()-DECISION_RULES!$B$7,RAW_DATA!$D$5:$D$4000,"<="&TODAY())*100,"–") -> 1.3837823 | H28: =IFERROR(VLOOKUP(B28,BENCHMARK!$A:$B,2,FALSE),VLOOKUP("DEFAULT",BENCHMARK!$A:$B,2,FALSE)) -> 150000 | I28: =IF(A28="","-", IF(SUMIFS(RAW_DATA!$J$5:$J$5000,RAW_DATA!$C$5:$C$5000,A28)<DECISION_RULES!$B$5,"CHUA DU DATA", IF(AND(SUMIFS(RAW_DATA!$J$5:$J$5000,RAW_DATA!$C$5:$C$5000,A28)>=DECISION_RULES!$B$5,C28=0,E28=0),"KILL", IF(AND(D28<H28,F28<H28),"SCALE", IF(AND(D28<H28,F28>H28),"WARNING", IF(AND(D28>H28,F28<H28),"TEST","KILL")))))) -> KILL | J28: =IF(A28="","–",IF(I28="KILL",IF(C28=0,"Da chi tieu nhung 0 conv - tat ngay, kiem tra target va content","Ca 30d va 7d deu kem - nen tat hoac thay content moi"),IF(I28="SCALE","30d va 7d deu tot - co the tang budget 20-30%",IF(I28="WARNING","30d tot nhung 7d dang xau - KHONG scale, theo doi them 3 ngay",IF(I28="TEST","30d chua tot nhung 7d dang cai thien - giu nguyen, cho them 3-5 ngay","Chua du du lieu - can chi tieu "&DECISION_RULES!$B$5&" de danh gia chinh xac"))))) -> Ca 30d va 7d deu kem - nen tat hoac thay content moi
A29: =IFERROR(__xludf.DUMMYFUNCTION("""COMPUTED_VALUE"""),"Duc_Photo_Offline_LTB1_KNNghe_0526_5171") -> Duc_Photo_Offline_LTB1_KNNghe_0526_5171 | B29: {=IFERROR(INDEX(RAW_DATA!$L$5:$L$4000,MATCH(A29,RAW_DATA!$C$5:$C$4000,0)),"DEFAULT")} -> Tiếng Đức | C29: =IFERROR(SUMPRODUCT((RAW_DATA!C$5:C$2000=A29)*(RAW_DATA!D$5:D$2000>=TODAY()-30)*(RAW_DATA!D$5:D$2000<=TODAY()-1)*RAW_DATA!H$5:H$2000),0) -> 7 | D29: =IF($A29="", "", IFERROR(SUMIFS(RAW_DATA!$J$5:$J$5000, RAW_DATA!$C$5:$C$5000, $A29, RAW_DATA!$D$5:$D$5000, ">="&TODAY()-30, RAW_DATA!$D$5:$D$5000, "<="&TODAY()) / $C29, "–")) -> 165388.86 | E29: =IFERROR(SUMIFS(RAW_DATA!$H$5:$H$4000,RAW_DATA!$C$5:$C$4000,$A29,RAW_DATA!$D$5:$D$4000,">="&TODAY()-7,RAW_DATA!$D$5:$D$4000,"<="&TODAY()),0) -> 7 | F29: =IFERROR(SUMIFS(RAW_DATA!$J$5:$J$4000,RAW_DATA!$C$5:$C$4000,A29,RAW_DATA!$D$5:$D$4000,">="&TODAY()-DECISION_RULES!$B$6,RAW_DATA!$D$5:$D$4000,"<="&TODAY())/E29,"–") -> 163675.29 | G29: =IFERROR(SUMPRODUCT((RAW_DATA!$C$5:$C$5000=A29)*(RAW_DATA!$D$5:$D$4000>=TODAY()-DECISION_RULES!$B$7)*(RAW_DATA!$D$5:$D$4000<=TODAY())*RAW_DATA!$F$5:$F$5000*RAW_DATA!$G$5:$G$5000/100)/SUMIFS(RAW_DATA!$F$5:$F$5000,RAW_DATA!$C$5:$C$5000,A29,RAW_DATA!$D$5:$D$4000,">="&TODAY()-DECISION_RULES!$B$7,RAW_DATA!$D$5:$D$4000,"<="&TODAY())*100,"–") -> 0.90571538 | H29: =IFERROR(VLOOKUP(B29,BENCHMARK!$A:$B,2,FALSE),VLOOKUP("DEFAULT",BENCHMARK!$A:$B,2,FALSE)) -> 150000 | I29: =IF(A29="","-", IF(SUMIFS(RAW_DATA!$J$5:$J$5000,RAW_DATA!$C$5:$C$5000,A29)<DECISION_RULES!$B$5,"CHUA DU DATA", IF(AND(SUMIFS(RAW_DATA!$J$5:$J$5000,RAW_DATA!$C$5:$C$5000,A29)>=DECISION_RULES!$B$5,C29=0,E29=0),"KILL", IF(AND(D29<H29,F29<H29),"SCALE", IF(AND(D29<H29,F29>H29),"WARNING", IF(AND(D29>H29,F29<H29),"TEST","KILL")))))) -> KILL | J29: =IF(A29="","–",IF(I29="KILL",IF(C29=0,"Da chi tieu nhung 0 conv - tat ngay, kiem tra target va content","Ca 30d va 7d deu kem - nen tat hoac thay content moi"),IF(I29="SCALE","30d va 7d deu tot - co the tang budget 20-30%",IF(I29="WARNING","30d tot nhung 7d dang xau - KHONG scale, theo doi them 3 ngay",IF(I29="TEST","30d chua tot nhung 7d dang cai thien - giu nguyen, cho them 3-5 ngay","Chua du du lieu - can chi tieu "&DECISION_RULES!$B$5&" de danh gia chinh xac"))))) -> Ca 30d va 7d deu kem - nen tat hoac thay content moi
A30: =IFERROR(__xludf.DUMMYFUNCTION("""COMPUTED_VALUE"""),"Duc_Reels_Chung_BanhThanhTuu_0126_5171") -> Duc_Reels_Chung_BanhThanhTuu_0126_5171 | B30: {=IFERROR(INDEX(RAW_DATA!$L$5:$L$4000,MATCH(A30,RAW_DATA!$C$5:$C$4000,0)),"DEFAULT")} -> Tiếng Đức | C30: =IFERROR(SUMPRODUCT((RAW_DATA!C$5:C$2000=A30)*(RAW_DATA!D$5:D$2000>=TODAY()-30)*(RAW_DATA!D$5:D$2000<=TODAY()-1)*RAW_DATA!H$5:H$2000),0) -> 0 | D30: =IF($A30="", "", IFERROR(SUMIFS(RAW_DATA!$J$5:$J$5000, RAW_DATA!$C$5:$C$5000, $A30, RAW_DATA!$D$5:$D$5000, ">="&TODAY()-30, RAW_DATA!$D$5:$D$5000, "<="&TODAY()) / $C30, "–")) -> – | E30: =IFERROR(SUMIFS(RAW_DATA!$H$5:$H$4000,RAW_DATA!$C$5:$C$4000,$A30,RAW_DATA!$D$5:$D$4000,">="&TODAY()-7,RAW_DATA!$D$5:$D$4000,"<="&TODAY()),0) -> 0 | F30: =IFERROR(SUMIFS(RAW_DATA!$J$5:$J$4000,RAW_DATA!$C$5:$C$4000,A30,RAW_DATA!$D$5:$D$4000,">="&TODAY()-DECISION_RULES!$B$6,RAW_DATA!$D$5:$D$4000,"<="&TODAY())/E30,"–") -> – | G30: =IFERROR(SUMPRODUCT((RAW_DATA!$C$5:$C$5000=A30)*(RAW_DATA!$D$5:$D$4000>=TODAY()-DECISION_RULES!$B$7)*(RAW_DATA!$D$5:$D$4000<=TODAY())*RAW_DATA!$F$5:$F$5000*RAW_DATA!$G$5:$G$5000/100)/SUMIFS(RAW_DATA!$F$5:$F$5000,RAW_DATA!$C$5:$C$5000,A30,RAW_DATA!$D$5:$D$4000,">="&TODAY()-DECISION_RULES!$B$7,RAW_DATA!$D$5:$D$4000,"<="&TODAY())*100,"–") -> 1.5544041 | H30: =IFERROR(VLOOKUP(B30,BENCHMARK!$A:$B,2,FALSE),VLOOKUP("DEFAULT",BENCHMARK!$A:$B,2,FALSE)) -> 150000 | I30: =IF(A30="","-", IF(SUMIFS(RAW_DATA!$J$5:$J$5000,RAW_DATA!$C$5:$C$5000,A30)<DECISION_RULES!$B$5,"CHUA DU DATA", IF(AND(SUMIFS(RAW_DATA!$J$5:$J$5000,RAW_DATA!$C$5:$C$5000,A30)>=DECISION_RULES!$B$5,C30=0,E30=0),"KILL", IF(AND(D30<H30,F30<H30),"SCALE", IF(AND(D30<H30,F30>H30),"WARNING", IF(AND(D30>H30,F30<H30),"TEST","KILL")))))) -> CHUA DU DATA | J30: =IF(A30="","–",IF(I30="KILL",IF(C30=0,"Da chi tieu nhung 0 conv - tat ngay, kiem tra target va content","Ca 30d va 7d deu kem - nen tat hoac thay content moi"),IF(I30="SCALE","30d va 7d deu tot - co the tang budget 20-30%",IF(I30="WARNING","30d tot nhung 7d dang xau - KHONG scale, theo doi them 3 ngay",IF(I30="TEST","30d chua tot nhung 7d dang cai thien - giu nguyen, cho them 3-5 ngay","Chua du du lieu - can chi tieu "&DECISION_RULES!$B$5&" de danh gia chinh xac"))))) -> Chua du du lieu - can chi tieu 100000 de danh gia chinh xac
A31: =IFERROR(__xludf.DUMMYFUNCTION("""COMPUTED_VALUE"""),"Duc_Reels_Chung_ThuyetTrinh_1024_5171") -> Duc_Reels_Chung_ThuyetTrinh_1024_5171 | B31: {=IFERROR(INDEX(RAW_DATA!$L$5:$L$4000,MATCH(A31,RAW_DATA!$C$5:$C$4000,0)),"DEFAULT")} -> Tiếng Đức | C31: =IFERROR(SUMPRODUCT((RAW_DATA!C$5:C$2000=A31)*(RAW_DATA!D$5:D$2000>=TODAY()-30)*(RAW_DATA!D$5:D$2000<=TODAY()-1)*RAW_DATA!H$5:H$2000),0) -> 18 | D31: =IF($A31="", "", IFERROR(SUMIFS(RAW_DATA!$J$5:$J$5000, RAW_DATA!$C$5:$C$5000, $A31, RAW_DATA!$D$5:$D$5000, ">="&TODAY()-30, RAW_DATA!$D$5:$D$5000, "<="&TODAY()) / $C31, "–")) -> 135192 | E31: =IFERROR(SUMIFS(RAW_DATA!$H$5:$H$4000,RAW_DATA!$C$5:$C$4000,$A31,RAW_DATA!$D$5:$D$4000,">="&TODAY()-7,RAW_DATA!$D$5:$D$4000,"<="&TODAY()),0) -> 2 | F31: =IFERROR(SUMIFS(RAW_DATA!$J$5:$J$4000,RAW_DATA!$C$5:$C$4000,A31,RAW_DATA!$D$5:$D$4000,">="&TODAY()-DECISION_RULES!$B$6,RAW_DATA!$D$5:$D$4000,"<="&TODAY())/E31,"–") -> 204175 | G31: =IFERROR(SUMPRODUCT((RAW_DATA!$C$5:$C$5000=A31)*(RAW_DATA!$D$5:$D$4000>=TODAY()-DECISION_RULES!$B$7)*(RAW_DATA!$D$5:$D$4000<=TODAY())*RAW_DATA!$F$5:$F$5000*RAW_DATA!$G$5:$G$5000/100)/SUMIFS(RAW_DATA!$F$5:$F$5000,RAW_DATA!$C$5:$C$5000,A31,RAW_DATA!$D$5:$D$4000,">="&TODAY()-DECISION_RULES!$B$7,RAW_DATA!$D$5:$D$4000,"<="&TODAY())*100,"–") -> 2.2126627 | H31: =IFERROR(VLOOKUP(B31,BENCHMARK!$A:$B,2,FALSE),VLOOKUP("DEFAULT",BENCHMARK!$A:$B,2,FALSE)) -> 150000 | I31: =IF(A31="","-", IF(SUMIFS(RAW_DATA!$J$5:$J$5000,RAW_DATA!$C$5:$C$5000,A31)<DECISION_RULES!$B$5,"CHUA DU DATA", IF(AND(SUMIFS(RAW_DATA!$J$5:$J$5000,RAW_DATA!$C$5:$C$5000,A31)>=DECISION_RULES!$B$5,C31=0,E31=0),"KILL", IF(AND(D31<H31,F31<H31),"SCALE", IF(AND(D31<H31,F31>H31),"WARNING", IF(AND(D31>H31,F31<H31),"TEST","KILL")))))) -> WARNING | J31: =IF(A31="","–",IF(I31="KILL",IF(C31=0,"Da chi tieu nhung 0 conv - tat ngay, kiem tra target va content","Ca 30d va 7d deu kem - nen tat hoac thay content moi"),IF(I31="SCALE","30d va 7d deu tot - co the tang budget 20-30%",IF(I31="WARNING","30d tot nhung 7d dang xau - KHONG scale, theo doi them 3 ngay",IF(I31="TEST","30d chua tot nhung 7d dang cai thien - giu nguyen, cho them 3-5 ngay","Chua du du lieu - can chi tieu "&DECISION_RULES!$B$5&" de danh gia chinh xac"))))) -> 30d tot nhung 7d dang xau - KHONG scale, theo doi them 3 ngay
A32: =IFERROR(__xludf.DUMMYFUNCTION("""COMPUTED_VALUE"""),"Duc_Reels_Offline_GuGo_0424_5171") -> Duc_Reels_Offline_GuGo_0424_5171 | B32: {=IFERROR(INDEX(RAW_DATA!$L$5:$L$4000,MATCH(A32,RAW_DATA!$C$5:$C$4000,0)),"DEFAULT")} -> Tiếng Đức | C32: =IFERROR(SUMPRODUCT((RAW_DATA!C$5:C$2000=A32)*(RAW_DATA!D$5:D$2000>=TODAY()-30)*(RAW_DATA!D$5:D$2000<=TODAY()-1)*RAW_DATA!H$5:H$2000),0) -> 4 | D32: =IF($A32="", "", IFERROR(SUMIFS(RAW_DATA!$J$5:$J$5000, RAW_DATA!$C$5:$C$5000, $A32, RAW_DATA!$D$5:$D$5000, ">="&TODAY()-30, RAW_DATA!$D$5:$D$5000, "<="&TODAY()) / $C32, "–")) -> 168646 | E32: =IFERROR(SUMIFS(RAW_DATA!$H$5:$H$4000,RAW_DATA!$C$5:$C$4000,$A32,RAW_DATA!$D$5:$D$4000,">="&TODAY()-7,RAW_DATA!$D$5:$D$4000,"<="&TODAY()),0) -> 2 | F32: =IFERROR(SUMIFS(RAW_DATA!$J$5:$J$4000,RAW_DATA!$C$5:$C$4000,A32,RAW_DATA!$D$5:$D$4000,">="&TODAY()-DECISION_RULES!$B$6,RAW_DATA!$D$5:$D$4000,"<="&TODAY())/E32,"–") -> 83051 | G32: =IFERROR(SUMPRODUCT((RAW_DATA!$C$5:$C$5000=A32)*(RAW_DATA!$D$5:$D$4000>=TODAY()-DECISION_RULES!$B$7)*(RAW_DATA!$D$5:$D$4000<=TODAY())*RAW_DATA!$F$5:$F$5000*RAW_DATA!$G$5:$G$5000/100)/SUMIFS(RAW_DATA!$F$5:$F$5000,RAW_DATA!$C$5:$C$5000,A32,RAW_DATA!$D$5:$D$4000,">="&TODAY()-DECISION_RULES!$B$7,RAW_DATA!$D$5:$D$4000,"<="&TODAY())*100,"–") -> 1.197234 | H32: =IFERROR(VLOOKUP(B32,BENCHMARK!$A:$B,2,FALSE),VLOOKUP("DEFAULT",BENCHMARK!$A:$B,2,FALSE)) -> 150000 | I32: =IF(A32="","-", IF(SUMIFS(RAW_DATA!$J$5:$J$5000,RAW_DATA!$C$5:$C$5000,A32)<DECISION_RULES!$B$5,"CHUA DU DATA", IF(AND(SUMIFS(RAW_DATA!$J$5:$J$5000,RAW_DATA!$C$5:$C$5000,A32)>=DECISION_RULES!$B$5,C32=0,E32=0),"KILL", IF(AND(D32<H32,F32<H32),"SCALE", IF(AND(D32<H32,F32>H32),"WARNING", IF(AND(D32>H32,F32<H32),"TEST","KILL")))))) -> TEST | J32: =IF(A32="","–",IF(I32="KILL",IF(C32=0,"Da chi tieu nhung 0 conv - tat ngay, kiem tra target va content","Ca 30d va 7d deu kem - nen tat hoac thay content moi"),IF(I32="SCALE","30d va 7d deu tot - co the tang budget 20-30%",IF(I32="WARNING","30d tot nhung 7d dang xau - KHONG scale, theo doi them 3 ngay",IF(I32="TEST","30d chua tot nhung 7d dang cai thien - giu nguyen, cho them 3-5 ngay","Chua du du lieu - can chi tieu "&DECISION_RULES!$B$5&" de danh gia chinh xac"))))) -> 30d chua tot nhung 7d dang cai thien - giu nguyen, cho them 3-5 ngay
A33: =IFERROR(__xludf.DUMMYFUNCTION("""COMPUTED_VALUE"""),"Duc_Reels_Offline_ThuMoi_1125_5171") -> Duc_Reels_Offline_ThuMoi_1125_5171 | B33: {=IFERROR(INDEX(RAW_DATA!$L$5:$L$4000,MATCH(A33,RAW_DATA!$C$5:$C$4000,0)),"DEFAULT")} -> Tiếng Đức | C33: =IFERROR(SUMPRODUCT((RAW_DATA!C$5:C$2000=A33)*(RAW_DATA!D$5:D$2000>=TODAY()-30)*(RAW_DATA!D$5:D$2000<=TODAY()-1)*RAW_DATA!H$5:H$2000),0) -> 4 | D33: =IF($A33="", "", IFERROR(SUMIFS(RAW_DATA!$J$5:$J$5000, RAW_DATA!$C$5:$C$5000, $A33, RAW_DATA!$D$5:$D$5000, ">="&TODAY()-30, RAW_DATA!$D$5:$D$5000, "<="&TODAY()) / $C33, "–")) -> 97750.5 | E33: =IFERROR(SUMIFS(RAW_DATA!$H$5:$H$4000,RAW_DATA!$C$5:$C$4000,$A33,RAW_DATA!$D$5:$D$4000,">="&TODAY()-7,RAW_DATA!$D$5:$D$4000,"<="&TODAY()),0) -> 0 | F33: =IFERROR(SUMIFS(RAW_DATA!$J$5:$J$4000,RAW_DATA!$C$5:$C$4000,A33,RAW_DATA!$D$5:$D$4000,">="&TODAY()-DECISION_RULES!$B$6,RAW_DATA!$D$5:$D$4000,"<="&TODAY())/E33,"–") -> – | G33: =IFERROR(SUMPRODUCT((RAW_DATA!$C$5:$C$5000=A33)*(RAW_DATA!$D$5:$D$4000>=TODAY()-DECISION_RULES!$B$7)*(RAW_DATA!$D$5:$D$4000<=TODAY())*RAW_DATA!$F$5:$F$5000*RAW_DATA!$G$5:$G$5000/100)/SUMIFS(RAW_DATA!$F$5:$F$5000,RAW_DATA!$C$5:$C$5000,A33,RAW_DATA!$D$5:$D$4000,">="&TODAY()-DECISION_RULES!$B$7,RAW_DATA!$D$5:$D$4000,"<="&TODAY())*100,"–") -> 1.0497555 | H33: =IFERROR(VLOOKUP(B33,BENCHMARK!$A:$B,2,FALSE),VLOOKUP("DEFAULT",BENCHMARK!$A:$B,2,FALSE)) -> 150000 | I33: =IF(A33="","-", IF(SUMIFS(RAW_DATA!$J$5:$J$5000,RAW_DATA!$C$5:$C$5000,A33)<DECISION_RULES!$B$5,"CHUA DU DATA", IF(AND(SUMIFS(RAW_DATA!$J$5:$J$5000,RAW_DATA!$C$5:$C$5000,A33)>=DECISION_RULES!$B$5,C33=0,E33=0),"KILL", IF(AND(D33<H33,F33<H33),"SCALE", IF(AND(D33<H33,F33>H33),"WARNING", IF(AND(D33>H33,F33<H33),"TEST","KILL")))))) -> WARNING | J33: =IF(A33="","–",IF(I33="KILL",IF(C33=0,"Da chi tieu nhung 0 conv - tat ngay, kiem tra target va content","Ca 30d va 7d deu kem - nen tat hoac thay content moi"),IF(I33="SCALE","30d va 7d deu tot - co the tang budget 20-30%",IF(I33="WARNING","30d tot nhung 7d dang xau - KHONG scale, theo doi them 3 ngay",IF(I33="TEST","30d chua tot nhung 7d dang cai thien - giu nguyen, cho them 3-5 ngay","Chua du du lieu - can chi tieu "&DECISION_RULES!$B$5&" de danh gia chinh xac"))))) -> 30d tot nhung 7d dang xau - KHONG scale, theo doi them 3 ngay
A34: =IFERROR(__xludf.DUMMYFUNCTION("""COMPUTED_VALUE"""),"Duc_Reels_Online1Kem1_BuocQuaRaoCan_1025_5171") -> Duc_Reels_Online1Kem1_BuocQuaRaoCan_1025_5171 | B34: {=IFERROR(INDEX(RAW_DATA!$L$5:$L$4000,MATCH(A34,RAW_DATA!$C$5:$C$4000,0)),"DEFAULT")} -> Tiếng Đức | C34: =IFERROR(SUMPRODUCT((RAW_DATA!C$5:C$2000=A34)*(RAW_DATA!D$5:D$2000>=TODAY()-30)*(RAW_DATA!D$5:D$2000<=TODAY()-1)*RAW_DATA!H$5:H$2000),0) -> 0 | D34: =IF($A34="", "", IFERROR(SUMIFS(RAW_DATA!$J$5:$J$5000, RAW_DATA!$C$5:$C$5000, $A34, RAW_DATA!$D$5:$D$5000, ">="&TODAY()-30, RAW_DATA!$D$5:$D$5000, "<="&TODAY()) / $C34, "–")) -> – | E34: =IFERROR(SUMIFS(RAW_DATA!$H$5:$H$4000,RAW_DATA!$C$5:$C$4000,$A34,RAW_DATA!$D$5:$D$4000,">="&TODAY()-7,RAW_DATA!$D$5:$D$4000,"<="&TODAY()),0) -> 0 | F34: =IFERROR(SUMIFS(RAW_DATA!$J$5:$J$4000,RAW_DATA!$C$5:$C$4000,A34,RAW_DATA!$D$5:$D$4000,">="&TODAY()-DECISION_RULES!$B$6,RAW_DATA!$D$5:$D$4000,"<="&TODAY())/E34,"–") -> – | G34: =IFERROR(SUMPRODUCT((RAW_DATA!$C$5:$C$5000=A34)*(RAW_DATA!$D$5:$D$4000>=TODAY()-DECISION_RULES!$B$7)*(RAW_DATA!$D$5:$D$4000<=TODAY())*RAW_DATA!$F$5:$F$5000*RAW_DATA!$G$5:$G$5000/100)/SUMIFS(RAW_DATA!$F$5:$F$5000,RAW_DATA!$C$5:$C$5000,A34,RAW_DATA!$D$5:$D$4000,">="&TODAY()-DECISION_RULES!$B$7,RAW_DATA!$D$5:$D$4000,"<="&TODAY())*100,"–") -> 1.1433597 | H34: =IFERROR(VLOOKUP(B34,BENCHMARK!$A:$B,2,FALSE),VLOOKUP("DEFAULT",BENCHMARK!$A:$B,2,FALSE)) -> 150000 | I34: =IF(A34="","-", IF(SUMIFS(RAW_DATA!$J$5:$J$5000,RAW_DATA!$C$5:$C$5000,A34)<DECISION_RULES!$B$5,"CHUA DU DATA", IF(AND(SUMIFS(RAW_DATA!$J$5:$J$5000,RAW_DATA!$C$5:$C$5000,A34)>=DECISION_RULES!$B$5,C34=0,E34=0),"KILL", IF(AND(D34<H34,F34<H34),"SCALE", IF(AND(D34<H34,F34>H34),"WARNING", IF(AND(D34>H34,F34<H34),"TEST","KILL")))))) -> CHUA DU DATA | J34: =IF(A34="","–",IF(I34="KILL",IF(C34=0,"Da chi tieu nhung 0 conv - tat ngay, kiem tra target va content","Ca 30d va 7d deu kem - nen tat hoac thay content moi"),IF(I34="SCALE","30d va 7d deu tot - co the tang budget 20-30%",IF(I34="WARNING","30d tot nhung 7d dang xau - KHONG scale, theo doi them 3 ngay",IF(I34="TEST","30d chua tot nhung 7d dang cai thien - giu nguyen, cho them 3-5 ngay","Chua du du lieu - can chi tieu "&DECISION_RULES!$B$5&" de danh gia chinh xac"))))) -> Chua du du lieu - can chi tieu 100000 de danh gia chinh xac
A35: =IFERROR(__xludf.DUMMYFUNCTION("""COMPUTED_VALUE"""),"EduCRM_Album_DungThu90Ngay_0922_4682") -> EduCRM_Album_DungThu90Ngay_0922_4682 | B35: {=IFERROR(INDEX(RAW_DATA!$L$5:$L$4000,MATCH(A35,RAW_DATA!$C$5:$C$4000,0)),"DEFAULT")} -> EduCRM | C35: =IFERROR(SUMPRODUCT((RAW_DATA!C$5:C$2000=A35)*(RAW_DATA!D$5:D$2000>=TODAY()-30)*(RAW_DATA!D$5:D$2000<=TODAY()-1)*RAW_DATA!H$5:H$2000),0) -> 27 | D35: =IF($A35="", "", IFERROR(SUMIFS(RAW_DATA!$J$5:$J$5000, RAW_DATA!$C$5:$C$5000, $A35, RAW_DATA!$D$5:$D$5000, ">="&TODAY()-30, RAW_DATA!$D$5:$D$5000, "<="&TODAY()) / $C35, "–")) -> 164148.33 | E35: =IFERROR(SUMIFS(RAW_DATA!$H$5:$H$4000,RAW_DATA!$C$5:$C$4000,$A35,RAW_DATA!$D$5:$D$4000,">="&TODAY()-7,RAW_DATA!$D$5:$D$4000,"<="&TODAY()),0) -> 9 | F35: =IFERROR(SUMIFS(RAW_DATA!$J$5:$J$4000,RAW_DATA!$C$5:$C$4000,A35,RAW_DATA!$D$5:$D$4000,">="&TODAY()-DECISION_RULES!$B$6,RAW_DATA!$D$5:$D$4000,"<="&TODAY())/E35,"–") -> 134924.56 | G35: =IFERROR(SUMPRODUCT((RAW_DATA!$C$5:$C$5000=A35)*(RAW_DATA!$D$5:$D$4000>=TODAY()-DECISION_RULES!$B$7)*(RAW_DATA!$D$5:$D$4000<=TODAY())*RAW_DATA!$F$5:$F$5000*RAW_DATA!$G$5:$G$5000/100)/SUMIFS(RAW_DATA!$F$5:$F$5000,RAW_DATA!$C$5:$C$5000,A35,RAW_DATA!$D$5:$D$4000,">="&TODAY()-DECISION_RULES!$B$7,RAW_DATA!$D$5:$D$4000,"<="&TODAY())*100,"–") -> 1.2602255 | H35: =IFERROR(VLOOKUP(B35,BENCHMARK!$A:$B,2,FALSE),VLOOKUP("DEFAULT",BENCHMARK!$A:$B,2,FALSE)) -> 150000 | I35: =IF(A35="","-", IF(SUMIFS(RAW_DATA!$J$5:$J$5000,RAW_DATA!$C$5:$C$5000,A35)<DECISION_RULES!$B$5,"CHUA DU DATA", IF(AND(SUMIFS(RAW_DATA!$J$5:$J$5000,RAW_DATA!$C$5:$C$5000,A35)>=DECISION_RULES!$B$5,C35=0,E35=0),"KILL", IF(AND(D35<H35,F35<H35),"SCALE", IF(AND(D35<H35,F35>H35),"WARNING", IF(AND(D35>H35,F35<H35),"TEST","KILL")))))) -> TEST | J35: =IF(A35="","–",IF(I35="KILL",IF(C35=0,"Da chi tieu nhung 0 conv - tat ngay, kiem tra target va content","Ca 30d va 7d deu kem - nen tat hoac thay content moi"),IF(I35="SCALE","30d va 7d deu tot - co the tang budget 20-30%",IF(I35="WARNING","30d tot nhung 7d dang xau - KHONG scale, theo doi them 3 ngay",IF(I35="TEST","30d chua tot nhung 7d dang cai thien - giu nguyen, cho them 3-5 ngay","Chua du du lieu - can chi tieu "&DECISION_RULES!$B$5&" de danh gia chinh xac"))))) -> 30d chua tot nhung 7d dang cai thien - giu nguyen, cho them 3-5 ngay
A36: =IFERROR(__xludf.DUMMYFUNCTION("""COMPUTED_VALUE"""),"EduCRM_Photo_CamNhanChuDN_0922_9359") -> EduCRM_Photo_CamNhanChuDN_0922_9359 | B36: {=IFERROR(INDEX(RAW_DATA!$L$5:$L$4000,MATCH(A36,RAW_DATA!$C$5:$C$4000,0)),"DEFAULT")} -> EduCRM | C36: =IFERROR(SUMPRODUCT((RAW_DATA!C$5:C$2000=A36)*(RAW_DATA!D$5:D$2000>=TODAY()-30)*(RAW_DATA!D$5:D$2000<=TODAY()-1)*RAW_DATA!H$5:H$2000),0) -> 14 | D36: =IF($A36="", "", IFERROR(SUMIFS(RAW_DATA!$J$5:$J$5000, RAW_DATA!$C$5:$C$5000, $A36, RAW_DATA!$D$5:$D$5000, ">="&TODAY()-30, RAW_DATA!$D$5:$D$5000, "<="&TODAY()) / $C36, "–")) -> 96767.786 | E36: =IFERROR(SUMIFS(RAW_DATA!$H$5:$H$4000,RAW_DATA!$C$5:$C$4000,$A36,RAW_DATA!$D$5:$D$4000,">="&TODAY()-7,RAW_DATA!$D$5:$D$4000,"<="&TODAY()),0) -> 10 | F36: =IFERROR(SUMIFS(RAW_DATA!$J$5:$J$4000,RAW_DATA!$C$5:$C$4000,A36,RAW_DATA!$D$5:$D$4000,">="&TODAY()-DECISION_RULES!$B$6,RAW_DATA!$D$5:$D$4000,"<="&TODAY())/E36,"–") -> 90755.1 | G36: =IFERROR(SUMPRODUCT((RAW_DATA!$C$5:$C$5000=A36)*(RAW_DATA!$D$5:$D$4000>=TODAY()-DECISION_RULES!$B$7)*(RAW_DATA!$D$5:$D$4000<=TODAY())*RAW_DATA!$F$5:$F$5000*RAW_DATA!$G$5:$G$5000/100)/SUMIFS(RAW_DATA!$F$5:$F$5000,RAW_DATA!$C$5:$C$5000,A36,RAW_DATA!$D$5:$D$4000,">="&TODAY()-DECISION_RULES!$B$7,RAW_DATA!$D$5:$D$4000,"<="&TODAY())*100,"–") -> 0.8221709 | H36: =IFERROR(VLOOKUP(B36,BENCHMARK!$A:$B,2,FALSE),VLOOKUP("DEFAULT",BENCHMARK!$A:$B,2,FALSE)) -> 150000 | I36: =IF(A36="","-", IF(SUMIFS(RAW_DATA!$J$5:$J$5000,RAW_DATA!$C$5:$C$5000,A36)<DECISION_RULES!$B$5,"CHUA DU DATA", IF(AND(SUMIFS(RAW_DATA!$J$5:$J$5000,RAW_DATA!$C$5:$C$5000,A36)>=DECISION_RULES!$B$5,C36=0,E36=0),"KILL", IF(AND(D36<H36,F36<H36),"SCALE", IF(AND(D36<H36,F36>H36),"WARNING", IF(AND(D36>H36,F36<H36),"TEST","KILL")))))) -> SCALE | J36: =IF(A36="","–",IF(I36="KILL",IF(C36=0,"Da chi tieu nhung 0 conv - tat ngay, kiem tra target va content","Ca 30d va 7d deu kem - nen tat hoac thay content moi"),IF(I36="SCALE","30d va 7d deu tot - co the tang budget 20-30%",IF(I36="WARNING","30d tot nhung 7d dang xau - KHONG scale, theo doi them 3 ngay",IF(I36="TEST","30d chua tot nhung 7d dang cai thien - giu nguyen, cho them 3-5 ngay","Chua du du lieu - can chi tieu "&DECISION_RULES!$B$5&" de danh gia chinh xac"))))) -> 30d va 7d deu tot - co the tang budget 20-30%
A37: =IFERROR(__xludf.DUMMYFUNCTION("""COMPUTED_VALUE"""),"Han_Album_Online_LKG_ChiecDealXin_0625_4733") -> Han_Album_Online_LKG_ChiecDealXin_0625_4733 | B37: {=IFERROR(INDEX(RAW_DATA!$L$5:$L$4000,MATCH(A37,RAW_DATA!$C$5:$C$4000,0)),"DEFAULT")} -> Tiếng Hàn | C37: =IFERROR(SUMPRODUCT((RAW_DATA!C$5:C$2000=A37)*(RAW_DATA!D$5:D$2000>=TODAY()-30)*(RAW_DATA!D$5:D$2000<=TODAY()-1)*RAW_DATA!H$5:H$2000),0) -> 11 | D37: =IF($A37="", "", IFERROR(SUMIFS(RAW_DATA!$J$5:$J$5000, RAW_DATA!$C$5:$C$5000, $A37, RAW_DATA!$D$5:$D$5000, ">="&TODAY()-30, RAW_DATA!$D$5:$D$5000, "<="&TODAY()) / $C37, "–")) -> 99566.091 | E37: =IFERROR(SUMIFS(RAW_DATA!$H$5:$H$4000,RAW_DATA!$C$5:$C$4000,$A37,RAW_DATA!$D$5:$D$4000,">="&TODAY()-7,RAW_DATA!$D$5:$D$4000,"<="&TODAY()),0) -> 0 | F37: =IFERROR(SUMIFS(RAW_DATA!$J$5:$J$4000,RAW_DATA!$C$5:$C$4000,A37,RAW_DATA!$D$5:$D$4000,">="&TODAY()-DECISION_RULES!$B$6,RAW_DATA!$D$5:$D$4000,"<="&TODAY())/E37,"–") -> – | G37: =IFERROR(SUMPRODUCT((RAW_DATA!$C$5:$C$5000=A37)*(RAW_DATA!$D$5:$D$4000>=TODAY()-DECISION_RULES!$B$7)*(RAW_DATA!$D$5:$D$4000<=TODAY())*RAW_DATA!$F$5:$F$5000*RAW_DATA!$G$5:$G$5000/100)/SUMIFS(RAW_DATA!$F$5:$F$5000,RAW_DATA!$C$5:$C$5000,A37,RAW_DATA!$D$5:$D$4000,">="&TODAY()-DECISION_RULES!$B$7,RAW_DATA!$D$5:$D$4000,"<="&TODAY())*100,"–") -> 1.8768107 | H37: =IFERROR(VLOOKUP(B37,BENCHMARK!$A:$B,2,FALSE),VLOOKUP("DEFAULT",BENCHMARK!$A:$B,2,FALSE)) -> 100000 | I37: =IF(A37="","-", IF(SUMIFS(RAW_DATA!$J$5:$J$5000,RAW_DATA!$C$5:$C$5000,A37)<DECISION_RULES!$B$5,"CHUA DU DATA", IF(AND(SUMIFS(RAW_DATA!$J$5:$J$5000,RAW_DATA!$C$5:$C$5000,A37)>=DECISION_RULES!$B$5,C37=0,E37=0),"KILL", IF(AND(D37<H37,F37<H37),"SCALE", IF(AND(D37<H37,F37>H37),"WARNING", IF(AND(D37>H37,F37<H37),"TEST","KILL")))))) -> WARNING | J37: =IF(A37="","–",IF(I37="KILL",IF(C37=0,"Da chi tieu nhung 0 conv - tat ngay, kiem tra target va content","Ca 30d va 7d deu kem - nen tat hoac thay content moi"),IF(I37="SCALE","30d va 7d deu tot - co the tang budget 20-30%",IF(I37="WARNING","30d tot nhung 7d dang xau - KHONG scale, theo doi them 3 ngay",IF(I37="TEST","30d chua tot nhung 7d dang cai thien - giu nguyen, cho them 3-5 ngay","Chua du du lieu - can chi tieu "&DECISION_RULES!$B$5&" de danh gia chinh xac"))))) -> 30d tot nhung 7d dang xau - KHONG scale, theo doi them 3 ngay
A38: =IFERROR(__xludf.DUMMYFUNCTION("""COMPUTED_VALUE"""),"Han_Album_Online_LKG_ChotDealVang_0124_1662") -> Han_Album_Online_LKG_ChotDealVang_0124_1662 | B38: {=IFERROR(INDEX(RAW_DATA!$L$5:$L$4000,MATCH(A38,RAW_DATA!$C$5:$C$4000,0)),"DEFAULT")} -> Tiếng Hàn | C38: =IFERROR(SUMPRODUCT((RAW_DATA!C$5:C$2000=A38)*(RAW_DATA!D$5:D$2000>=TODAY()-30)*(RAW_DATA!D$5:D$2000<=TODAY()-1)*RAW_DATA!H$5:H$2000),0) -> 67 | D38: =IF($A38="", "", IFERROR(SUMIFS(RAW_DATA!$J$5:$J$5000, RAW_DATA!$C$5:$C$5000, $A38, RAW_DATA!$D$5:$D$5000, ">="&TODAY()-30, RAW_DATA!$D$5:$D$5000, "<="&TODAY()) / $C38, "–")) -> 77957.985 | E38: =IFERROR(SUMIFS(RAW_DATA!$H$5:$H$4000,RAW_DATA!$C$5:$C$4000,$A38,RAW_DATA!$D$5:$D$4000,">="&TODAY()-7,RAW_DATA!$D$5:$D$4000,"<="&TODAY()),0) -> 17 | F38: =IFERROR(SUMIFS(RAW_DATA!$J$5:$J$4000,RAW_DATA!$C$5:$C$4000,A38,RAW_DATA!$D$5:$D$4000,">="&TODAY()-DECISION_RULES!$B$6,RAW_DATA!$D$5:$D$4000,"<="&TODAY())/E38,"–") -> 87012.235 | G38: =IFERROR(SUMPRODUCT((RAW_DATA!$C$5:$C$5000=A38)*(RAW_DATA!$D$5:$D$4000>=TODAY()-DECISION_RULES!$B$7)*(RAW_DATA!$D$5:$D$4000<=TODAY())*RAW_DATA!$F$5:$F$5000*RAW_DATA!$G$5:$G$5000/100)/SUMIFS(RAW_DATA!$F$5:$F$5000,RAW_DATA!$C$5:$C$5000,A38,RAW_DATA!$D$5:$D$4000,">="&TODAY()-DECISION_RULES!$B$7,RAW_DATA!$D$5:$D$4000,"<="&TODAY())*100,"–") -> 1.7845108 | H38: =IFERROR(VLOOKUP(B38,BENCHMARK!$A:$B,2,FALSE),VLOOKUP("DEFAULT",BENCHMARK!$A:$B,2,FALSE)) -> 100000 | I38: =IF(A38="","-", IF(SUMIFS(RAW_DATA!$J$5:$J$5000,RAW_DATA!$C$5:$C$5000,A38)<DECISION_RULES!$B$5,"CHUA DU DATA", IF(AND(SUMIFS(RAW_DATA!$J$5:$J$5000,RAW_DATA!$C$5:$C$5000,A38)>=DECISION_RULES!$B$5,C38=0,E38=0),"KILL", IF(AND(D38<H38,F38<H38),"SCALE", IF(AND(D38<H38,F38>H38),"WARNING", IF(AND(D38>H38,F38<H38),"TEST","KILL")))))) -> SCALE | J38: =IF(A38="","–",IF(I38="KILL",IF(C38=0,"Da chi tieu nhung 0 conv - tat ngay, kiem tra target va content","Ca 30d va 7d deu kem - nen tat hoac thay content moi"),IF(I38="SCALE","30d va 7d deu tot - co the tang budget 20-30%",IF(I38="WARNING","30d tot nhung 7d dang xau - KHONG scale, theo doi them 3 ngay",IF(I38="TEST","30d chua tot nhung 7d dang cai thien - giu nguyen, cho them 3-5 ngay","Chua du du lieu - can chi tieu "&DECISION_RULES!$B$5&" de danh gia chinh xac"))))) -> 30d va 7d deu tot - co the tang budget 20-30%
A39: =IFERROR(__xludf.DUMMYFUNCTION("""COMPUTED_VALUE"""),"Han_Photo_Offline_NongTrai_0625_7475") -> Han_Photo_Offline_NongTrai_0625_7475 | B39: {=IFERROR(INDEX(RAW_DATA!$L$5:$L$4000,MATCH(A39,RAW_DATA!$C$5:$C$4000,0)),"DEFAULT")} -> Tiếng Hàn | C39: =IFERROR(SUMPRODUCT((RAW_DATA!C$5:C$2000=A39)*(RAW_DATA!D$5:D$2000>=TODAY()-30)*(RAW_DATA!D$5:D$2000<=TODAY()-1)*RAW_DATA!H$5:H$2000),0) -> 68 | D39: =IF($A39="", "", IFERROR(SUMIFS(RAW_DATA!$J$5:$J$5000, RAW_DATA!$C$5:$C$5000, $A39, RAW_DATA!$D$5:$D$5000, ">="&TODAY()-30, RAW_DATA!$D$5:$D$5000, "<="&TODAY()) / $C39, "–")) -> 107034.18 | E39: =IFERROR(SUMIFS(RAW_DATA!$H$5:$H$4000,RAW_DATA!$C$5:$C$4000,$A39,RAW_DATA!$D$5:$D$4000,">="&TODAY()-7,RAW_DATA!$D$5:$D$4000,"<="&TODAY()),0) -> 19 | F39: =IFERROR(SUMIFS(RAW_DATA!$J$5:$J$4000,RAW_DATA!$C$5:$C$4000,A39,RAW_DATA!$D$5:$D$4000,">="&TODAY()-DECISION_RULES!$B$6,RAW_DATA!$D$5:$D$4000,"<="&TODAY())/E39,"–") -> 85891.947 | G39: =IFERROR(SUMPRODUCT((RAW_DATA!$C$5:$C$5000=A39)*(RAW_DATA!$D$5:$D$4000>=TODAY()-DECISION_RULES!$B$7)*(RAW_DATA!$D$5:$D$4000<=TODAY())*RAW_DATA!$F$5:$F$5000*RAW_DATA!$G$5:$G$5000/100)/SUMIFS(RAW_DATA!$F$5:$F$5000,RAW_DATA!$C$5:$C$5000,A39,RAW_DATA!$D$5:$D$4000,">="&TODAY()-DECISION_RULES!$B$7,RAW_DATA!$D$5:$D$4000,"<="&TODAY())*100,"–") -> 1.5859097 | H39: =IFERROR(VLOOKUP(B39,BENCHMARK!$A:$B,2,FALSE),VLOOKUP("DEFAULT",BENCHMARK!$A:$B,2,FALSE)) -> 100000 | I39: =IF(A39="","-", IF(SUMIFS(RAW_DATA!$J$5:$J$5000,RAW_DATA!$C$5:$C$5000,A39)<DECISION_RULES!$B$5,"CHUA DU DATA", IF(AND(SUMIFS(RAW_DATA!$J$5:$J$5000,RAW_DATA!$C$5:$C$5000,A39)>=DECISION_RULES!$B$5,C39=0,E39=0),"KILL", IF(AND(D39<H39,F39<H39),"SCALE", IF(AND(D39<H39,F39>H39),"WARNING", IF(AND(D39>H39,F39<H39),"TEST","KILL")))))) -> TEST | J39: =IF(A39="","–",IF(I39="KILL",IF(C39=0,"Da chi tieu nhung 0 conv - tat ngay, kiem tra target va content","Ca 30d va 7d deu kem - nen tat hoac thay content moi"),IF(I39="SCALE","30d va 7d deu tot - co the tang budget 20-30%",IF(I39="WARNING","30d tot nhung 7d dang xau - KHONG scale, theo doi them 3 ngay",IF(I39="TEST","30d chua tot nhung 7d dang cai thien - giu nguyen, cho them 3-5 ngay","Chua du du lieu - can chi tieu "&DECISION_RULES!$B$5&" de danh gia chinh xac"))))) -> 30d chua tot nhung 7d dang cai thien - giu nguyen, cho them 3-5 ngay
A40: =IFERROR(__xludf.DUMMYFUNCTION("""COMPUTED_VALUE"""),"Han_Photo_Online1Kem1_LoTrinhRieng_0725_5994") -> Han_Photo_Online1Kem1_LoTrinhRieng_0725_5994 | B40: {=IFERROR(INDEX(RAW_DATA!$L$5:$L$4000,MATCH(A40,RAW_DATA!$C$5:$C$4000,0)),"DEFAULT")} -> Tiếng Hàn | C40: =IFERROR(SUMPRODUCT((RAW_DATA!C$5:C$2000=A40)*(RAW_DATA!D$5:D$2000>=TODAY()-30)*(RAW_DATA!D$5:D$2000<=TODAY()-1)*RAW_DATA!H$5:H$2000),0) -> 30 | D40: =IF($A40="", "", IFERROR(SUMIFS(RAW_DATA!$J$5:$J$5000, RAW_DATA!$C$5:$C$5000, $A40, RAW_DATA!$D$5:$D$5000, ">="&TODAY()-30, RAW_DATA!$D$5:$D$5000, "<="&TODAY()) / $C40, "–")) -> 70246.1 | E40: =IFERROR(SUMIFS(RAW_DATA!$H$5:$H$4000,RAW_DATA!$C$5:$C$4000,$A40,RAW_DATA!$D$5:$D$4000,">="&TODAY()-7,RAW_DATA!$D$5:$D$4000,"<="&TODAY()),0) -> 6 | F40: =IFERROR(SUMIFS(RAW_DATA!$J$5:$J$4000,RAW_DATA!$C$5:$C$4000,A40,RAW_DATA!$D$5:$D$4000,">="&TODAY()-DECISION_RULES!$B$6,RAW_DATA!$D$5:$D$4000,"<="&TODAY())/E40,"–") -> 69691.833 | G40: =IFERROR(SUMPRODUCT((RAW_DATA!$C$5:$C$5000=A40)*(RAW_DATA!$D$5:$D$4000>=TODAY()-DECISION_RULES!$B$7)*(RAW_DATA!$D$5:$D$4000<=TODAY())*RAW_DATA!$F$5:$F$5000*RAW_DATA!$G$5:$G$5000/100)/SUMIFS(RAW_DATA!$F$5:$F$5000,RAW_DATA!$C$5:$C$5000,A40,RAW_DATA!$D$5:$D$4000,">="&TODAY()-DECISION_RULES!$B$7,RAW_DATA!$D$5:$D$4000,"<="&TODAY())*100,"–") -> 1.8454783 | H40: =IFERROR(VLOOKUP(B40,BENCHMARK!$A:$B,2,FALSE),VLOOKUP("DEFAULT",BENCHMARK!$A:$B,2,FALSE)) -> 100000 | I40: =IF(A40="","-", IF(SUMIFS(RAW_DATA!$J$5:$J$5000,RAW_DATA!$C$5:$C$5000,A40)<DECISION_RULES!$B$5,"CHUA DU DATA", IF(AND(SUMIFS(RAW_DATA!$J$5:$J$5000,RAW_DATA!$C$5:$C$5000,A40)>=DECISION_RULES!$B$5,C40=0,E40=0),"KILL", IF(AND(D40<H40,F40<H40),"SCALE", IF(AND(D40<H40,F40>H40),"WARNING", IF(AND(D40>H40,F40<H40),"TEST","KILL")))))) -> SCALE | J40: =IF(A40="","–",IF(I40="KILL",IF(C40=0,"Da chi tieu nhung 0 conv - tat ngay, kiem tra target va content","Ca 30d va 7d deu kem - nen tat hoac thay content moi"),IF(I40="SCALE","30d va 7d deu tot - co the tang budget 20-30%",IF(I40="WARNING","30d tot nhung 7d dang xau - KHONG scale, theo doi them 3 ngay",IF(I40="TEST","30d chua tot nhung 7d dang cai thien - giu nguyen, cho them 3-5 ngay","Chua du du lieu - can chi tieu "&DECISION_RULES!$B$5&" de danh gia chinh xac"))))) -> 30d va 7d deu tot - co the tang budget 20-30%
A41: =IFERROR(__xludf.DUMMYFUNCTION("""COMPUTED_VALUE"""),"Han_Reels_Chung_BiKip3D_0126_2331") -> Han_Reels_Chung_BiKip3D_0126_2331 | B41: {=IFERROR(INDEX(RAW_DATA!$L$5:$L$4000,MATCH(A41,RAW_DATA!$C$5:$C$4000,0)),"DEFAULT")} -> Tiếng Hàn | C41: =IFERROR(SUMPRODUCT((RAW_DATA!C$5:C$2000=A41)*(RAW_DATA!D$5:D$2000>=TODAY()-30)*(RAW_DATA!D$5:D$2000<=TODAY()-1)*RAW_DATA!H$5:H$2000),0) -> 11 | D41: =IF($A41="", "", IFERROR(SUMIFS(RAW_DATA!$J$5:$J$5000, RAW_DATA!$C$5:$C$5000, $A41, RAW_DATA!$D$5:$D$5000, ">="&TODAY()-30, RAW_DATA!$D$5:$D$5000, "<="&TODAY()) / $C41, "–")) -> 68863.455 | E41: =IFERROR(SUMIFS(RAW_DATA!$H$5:$H$4000,RAW_DATA!$C$5:$C$4000,$A41,RAW_DATA!$D$5:$D$4000,">="&TODAY()-7,RAW_DATA!$D$5:$D$4000,"<="&TODAY()),0) -> 5 | F41: =IFERROR(SUMIFS(RAW_DATA!$J$5:$J$4000,RAW_DATA!$C$5:$C$4000,A41,RAW_DATA!$D$5:$D$4000,">="&TODAY()-DECISION_RULES!$B$6,RAW_DATA!$D$5:$D$4000,"<="&TODAY())/E41,"–") -> 49215 | G41: =IFERROR(SUMPRODUCT((RAW_DATA!$C$5:$C$5000=A41)*(RAW_DATA!$D$5:$D$4000>=TODAY()-DECISION_RULES!$B$7)*(RAW_DATA!$D$5:$D$4000<=TODAY())*RAW_DATA!$F$5:$F$5000*RAW_DATA!$G$5:$G$5000/100)/SUMIFS(RAW_DATA!$F$5:$F$5000,RAW_DATA!$C$5:$C$5000,A41,RAW_DATA!$D$5:$D$4000,">="&TODAY()-DECISION_RULES!$B$7,RAW_DATA!$D$5:$D$4000,"<="&TODAY())*100,"–") -> 1.5538033 | H41: =IFERROR(VLOOKUP(B41,BENCHMARK!$A:$B,2,FALSE),VLOOKUP("DEFAULT",BENCHMARK!$A:$B,2,FALSE)) -> 100000 | I41: =IF(A41="","-", IF(SUMIFS(RAW_DATA!$J$5:$J$5000,RAW_DATA!$C$5:$C$5000,A41)<DECISION_RULES!$B$5,"CHUA DU DATA", IF(AND(SUMIFS(RAW_DATA!$J$5:$J$5000,RAW_DATA!$C$5:$C$5000,A41)>=DECISION_RULES!$B$5,C41=0,E41=0),"KILL", IF(AND(D41<H41,F41<H41),"SCALE", IF(AND(D41<H41,F41>H41),"WARNING", IF(AND(D41>H41,F41<H41),"TEST","KILL")))))) -> SCALE | J41: =IF(A41="","–",IF(I41="KILL",IF(C41=0,"Da chi tieu nhung 0 conv - tat ngay, kiem tra target va content","Ca 30d va 7d deu kem - nen tat hoac thay content moi"),IF(I41="SCALE","30d va 7d deu tot - co the tang budget 20-30%",IF(I41="WARNING","30d tot nhung 7d dang xau - KHONG scale, theo doi them 3 ngay",IF(I41="TEST","30d chua tot nhung 7d dang cai thien - giu nguyen, cho them 3-5 ngay","Chua du du lieu - can chi tieu "&DECISION_RULES!$B$5&" de danh gia chinh xac"))))) -> 30d va 7d deu tot - co the tang budget 20-30%
A42: =IFERROR(__xludf.DUMMYFUNCTION("""COMPUTED_VALUE"""),"Han_Reels_Offline_OntopTiengHan_0126_2694") -> Han_Reels_Offline_OntopTiengHan_0126_2694 | B42: {=IFERROR(INDEX(RAW_DATA!$L$5:$L$4000,MATCH(A42,RAW_DATA!$C$5:$C$4000,0)),"DEFAULT")} -> Tiếng Hàn | C42: =IFERROR(SUMPRODUCT((RAW_DATA!C$5:C$2000=A42)*(RAW_DATA!D$5:D$2000>=TODAY()-30)*(RAW_DATA!D$5:D$2000<=TODAY()-1)*RAW_DATA!H$5:H$2000),0) -> 7 | D42: =IF($A42="", "", IFERROR(SUMIFS(RAW_DATA!$J$5:$J$5000, RAW_DATA!$C$5:$C$5000, $A42, RAW_DATA!$D$5:$D$5000, ">="&TODAY()-30, RAW_DATA!$D$5:$D$5000, "<="&TODAY()) / $C42, "–")) -> 50724.714 | E42: =IFERROR(SUMIFS(RAW_DATA!$H$5:$H$4000,RAW_DATA!$C$5:$C$4000,$A42,RAW_DATA!$D$5:$D$4000,">="&TODAY()-7,RAW_DATA!$D$5:$D$4000,"<="&TODAY()),0) -> 0 | F42: =IFERROR(SUMIFS(RAW_DATA!$J$5:$J$4000,RAW_DATA!$C$5:$C$4000,A42,RAW_DATA!$D$5:$D$4000,">="&TODAY()-DECISION_RULES!$B$6,RAW_DATA!$D$5:$D$4000,"<="&TODAY())/E42,"–") -> – | G42: =IFERROR(SUMPRODUCT((RAW_DATA!$C$5:$C$5000=A42)*(RAW_DATA!$D$5:$D$4000>=TODAY()-DECISION_RULES!$B$7)*(RAW_DATA!$D$5:$D$4000<=TODAY())*RAW_DATA!$F$5:$F$5000*RAW_DATA!$G$5:$G$5000/100)/SUMIFS(RAW_DATA!$F$5:$F$5000,RAW_DATA!$C$5:$C$5000,A42,RAW_DATA!$D$5:$D$4000,">="&TODAY()-DECISION_RULES!$B$7,RAW_DATA!$D$5:$D$4000,"<="&TODAY())*100,"–") -> 1.5471167 | H42: =IFERROR(VLOOKUP(B42,BENCHMARK!$A:$B,2,FALSE),VLOOKUP("DEFAULT",BENCHMARK!$A:$B,2,FALSE)) -> 100000 | I42: =IF(A42="","-", IF(SUMIFS(RAW_DATA!$J$5:$J$5000,RAW_DATA!$C$5:$C$5000,A42)<DECISION_RULES!$B$5,"CHUA DU DATA", IF(AND(SUMIFS(RAW_DATA!$J$5:$J$5000,RAW_DATA!$C$5:$C$5000,A42)>=DECISION_RULES!$B$5,C42=0,E42=0),"KILL", IF(AND(D42<H42,F42<H42),"SCALE", IF(AND(D42<H42,F42>H42),"WARNING", IF(AND(D42>H42,F42<H42),"TEST","KILL")))))) -> WARNING | J42: =IF(A42="","–",IF(I42="KILL",IF(C42=0,"Da chi tieu nhung 0 conv - tat ngay, kiem tra target va content","Ca 30d va 7d deu kem - nen tat hoac thay content moi"),IF(I42="SCALE","30d va 7d deu tot - co the tang budget 20-30%",IF(I42="WARNING","30d tot nhung 7d dang xau - KHONG scale, theo doi them 3 ngay",IF(I42="TEST","30d chua tot nhung 7d dang cai thien - giu nguyen, cho them 3-5 ngay","Chua du du lieu - can chi tieu "&DECISION_RULES!$B$5&" de danh gia chinh xac"))))) -> 30d tot nhung 7d dang xau - KHONG scale, theo doi them 3 ngay
A43: =IFERROR(__xludf.DUMMYFUNCTION("""COMPUTED_VALUE"""),"Han_Reels_Online_UuDaiChuaTungCo_0524_8690") -> Han_Reels_Online_UuDaiChuaTungCo_0524_8690 | B43: {=IFERROR(INDEX(RAW_DATA!$L$5:$L$4000,MATCH(A43,RAW_DATA!$C$5:$C$4000,0)),"DEFAULT")} -> Tiếng Hàn | C43: =IFERROR(SUMPRODUCT((RAW_DATA!C$5:C$2000=A43)*(RAW_DATA!D$5:D$2000>=TODAY()-30)*(RAW_DATA!D$5:D$2000<=TODAY()-1)*RAW_DATA!H$5:H$2000),0) -> 0 | D43: =IF($A43="", "", IFERROR(SUMIFS(RAW_DATA!$J$5:$J$5000, RAW_DATA!$C$5:$C$5000, $A43, RAW_DATA!$D$5:$D$5000, ">="&TODAY()-30, RAW_DATA!$D$5:$D$5000, "<="&TODAY()) / $C43, "–")) -> – | E43: =IFERROR(SUMIFS(RAW_DATA!$H$5:$H$4000,RAW_DATA!$C$5:$C$4000,$A43,RAW_DATA!$D$5:$D$4000,">="&TODAY()-7,RAW_DATA!$D$5:$D$4000,"<="&TODAY()),0) -> 0 | F43: =IFERROR(SUMIFS(RAW_DATA!$J$5:$J$4000,RAW_DATA!$C$5:$C$4000,A43,RAW_DATA!$D$5:$D$4000,">="&TODAY()-DECISION_RULES!$B$6,RAW_DATA!$D$5:$D$4000,"<="&TODAY())/E43,"–") -> – | G43: =IFERROR(SUMPRODUCT((RAW_DATA!$C$5:$C$5000=A43)*(RAW_DATA!$D$5:$D$4000>=TODAY()-DECISION_RULES!$B$7)*(RAW_DATA!$D$5:$D$4000<=TODAY())*RAW_DATA!$F$5:$F$5000*RAW_DATA!$G$5:$G$5000/100)/SUMIFS(RAW_DATA!$F$5:$F$5000,RAW_DATA!$C$5:$C$5000,A43,RAW_DATA!$D$5:$D$4000,">="&TODAY()-DECISION_RULES!$B$7,RAW_DATA!$D$5:$D$4000,"<="&TODAY())*100,"–") -> 0.63291139 | H43: =IFERROR(VLOOKUP(B43,BENCHMARK!$A:$B,2,FALSE),VLOOKUP("DEFAULT",BENCHMARK!$A:$B,2,FALSE)) -> 100000 | I43: =IF(A43="","-", IF(SUMIFS(RAW_DATA!$J$5:$J$5000,RAW_DATA!$C$5:$C$5000,A43)<DECISION_RULES!$B$5,"CHUA DU DATA", IF(AND(SUMIFS(RAW_DATA!$J$5:$J$5000,RAW_DATA!$C$5:$C$5000,A43)>=DECISION_RULES!$B$5,C43=0,E43=0),"KILL", IF(AND(D43<H43,F43<H43),"SCALE", IF(AND(D43<H43,F43>H43),"WARNING", IF(AND(D43>H43,F43<H43),"TEST","KILL")))))) -> CHUA DU DATA | J43: =IF(A43="","–",IF(I43="KILL",IF(C43=0,"Da chi tieu nhung 0 conv - tat ngay, kiem tra target va content","Ca 30d va 7d deu kem - nen tat hoac thay content moi"),IF(I43="SCALE","30d va 7d deu tot - co the tang budget 20-30%",IF(I43="WARNING","30d tot nhung 7d dang xau - KHONG scale, theo doi them 3 ngay",IF(I43="TEST","30d chua tot nhung 7d dang cai thien - giu nguyen, cho them 3-5 ngay","Chua du du lieu - can chi tieu "&DECISION_RULES!$B$5&" de danh gia chinh xac"))))) -> Chua du du lieu - can chi tieu 100000 de danh gia chinh xac
A44: =IFERROR(__xludf.DUMMYFUNCTION("""COMPUTED_VALUE"""),"HDTOSD_Album_ChotSlotT5_0426_6955") -> HDTOSD_Album_ChotSlotT5_0426_6955 | B44: {=IFERROR(INDEX(RAW_DATA!$L$5:$L$4000,MATCH(A44,RAW_DATA!$C$5:$C$4000,0)),"DEFAULT")} -> Kỳ thi OSD | C44: =IFERROR(SUMPRODUCT((RAW_DATA!C$5:C$2000=A44)*(RAW_DATA!D$5:D$2000>=TODAY()-30)*(RAW_DATA!D$5:D$2000<=TODAY()-1)*RAW_DATA!H$5:H$2000),0) -> 16 | D44: =IF($A44="", "", IFERROR(SUMIFS(RAW_DATA!$J$5:$J$5000, RAW_DATA!$C$5:$C$5000, $A44, RAW_DATA!$D$5:$D$5000, ">="&TODAY()-30, RAW_DATA!$D$5:$D$5000, "<="&TODAY()) / $C44, "–")) -> 122566.75 | E44: =IFERROR(SUMIFS(RAW_DATA!$H$5:$H$4000,RAW_DATA!$C$5:$C$4000,$A44,RAW_DATA!$D$5:$D$4000,">="&TODAY()-7,RAW_DATA!$D$5:$D$4000,"<="&TODAY()),0) -> 6 | F44: =IFERROR(SUMIFS(RAW_DATA!$J$5:$J$4000,RAW_DATA!$C$5:$C$4000,A44,RAW_DATA!$D$5:$D$4000,">="&TODAY()-DECISION_RULES!$B$6,RAW_DATA!$D$5:$D$4000,"<="&TODAY())/E44,"–") -> 197473.67 | G44: =IFERROR(SUMPRODUCT((RAW_DATA!$C$5:$C$5000=A44)*(RAW_DATA!$D$5:$D$4000>=TODAY()-DECISION_RULES!$B$7)*(RAW_DATA!$D$5:$D$4000<=TODAY())*RAW_DATA!$F$5:$F$5000*RAW_DATA!$G$5:$G$5000/100)/SUMIFS(RAW_DATA!$F$5:$F$5000,RAW_DATA!$C$5:$C$5000,A44,RAW_DATA!$D$5:$D$4000,">="&TODAY()-DECISION_RULES!$B$7,RAW_DATA!$D$5:$D$4000,"<="&TODAY())*100,"–") -> 1.4664297 | H44: =IFERROR(VLOOKUP(B44,BENCHMARK!$A:$B,2,FALSE),VLOOKUP("DEFAULT",BENCHMARK!$A:$B,2,FALSE)) -> 150000 | I44: =IF(A44="","-", IF(SUMIFS(RAW_DATA!$J$5:$J$5000,RAW_DATA!$C$5:$C$5000,A44)<DECISION_RULES!$B$5,"CHUA DU DATA", IF(AND(SUMIFS(RAW_DATA!$J$5:$J$5000,RAW_DATA!$C$5:$C$5000,A44)>=DECISION_RULES!$B$5,C44=0,E44=0),"KILL", IF(AND(D44<H44,F44<H44),"SCALE", IF(AND(D44<H44,F44>H44),"WARNING", IF(AND(D44>H44,F44<H44),"TEST","KILL")))))) -> WARNING | J44: =IF(A44="","–",IF(I44="KILL",IF(C44=0,"Da chi tieu nhung 0 conv - tat ngay, kiem tra target va content","Ca 30d va 7d deu kem - nen tat hoac thay content moi"),IF(I44="SCALE","30d va 7d deu tot - co the tang budget 20-30%",IF(I44="WARNING","30d tot nhung 7d dang xau - KHONG scale, theo doi them 3 ngay",IF(I44="TEST","30d chua tot nhung 7d dang cai thien - giu nguyen, cho them 3-5 ngay","Chua du du lieu - can chi tieu "&DECISION_RULES!$B$5&" de danh gia chinh xac"))))) -> 30d tot nhung 7d dang xau - KHONG scale, theo doi them 3 ngay
A45: =IFERROR(__xludf.DUMMYFUNCTION("""COMPUTED_VALUE"""),"HDTOSD_Album_DungBoLoThoiHanT5_0426_6955") -> HDTOSD_Album_DungBoLoThoiHanT5_0426_6955 | B45: {=IFERROR(INDEX(RAW_DATA!$L$5:$L$4000,MATCH(A45,RAW_DATA!$C$5:$C$4000,0)),"DEFAULT")} -> Kỳ thi OSD | C45: =IFERROR(SUMPRODUCT((RAW_DATA!C$5:C$2000=A45)*(RAW_DATA!D$5:D$2000>=TODAY()-30)*(RAW_DATA!D$5:D$2000<=TODAY()-1)*RAW_DATA!H$5:H$2000),0) -> 20 | D45: =IF($A45="", "", IFERROR(SUMIFS(RAW_DATA!$J$5:$J$5000, RAW_DATA!$C$5:$C$5000, $A45, RAW_DATA!$D$5:$D$5000, ">="&TODAY()-30, RAW_DATA!$D$5:$D$5000, "<="&TODAY()) / $C45, "–")) -> 133158.2 | E45: =IFERROR(SUMIFS(RAW_DATA!$H$5:$H$4000,RAW_DATA!$C$5:$C$4000,$A45,RAW_DATA!$D$5:$D$4000,">="&TODAY()-7,RAW_DATA!$D$5:$D$4000,"<="&TODAY()),0) -> 0 | F45: =IFERROR(SUMIFS(RAW_DATA!$J$5:$J$4000,RAW_DATA!$C$5:$C$4000,A45,RAW_DATA!$D$5:$D$4000,">="&TODAY()-DECISION_RULES!$B$6,RAW_DATA!$D$5:$D$4000,"<="&TODAY())/E45,"–") -> – | G45: =IFERROR(SUMPRODUCT((RAW_DATA!$C$5:$C$5000=A45)*(RAW_DATA!$D$5:$D$4000>=TODAY()-DECISION_RULES!$B$7)*(RAW_DATA!$D$5:$D$4000<=TODAY())*RAW_DATA!$F$5:$F$5000*RAW_DATA!$G$5:$G$5000/100)/SUMIFS(RAW_DATA!$F$5:$F$5000,RAW_DATA!$C$5:$C$5000,A45,RAW_DATA!$D$5:$D$4000,">="&TODAY()-DECISION_RULES!$B$7,RAW_DATA!$D$5:$D$4000,"<="&TODAY())*100,"–") -> 1.4598174 | H45: =IFERROR(VLOOKUP(B45,BENCHMARK!$A:$B,2,FALSE),VLOOKUP("DEFAULT",BENCHMARK!$A:$B,2,FALSE)) -> 150000 | I45: =IF(A45="","-", IF(SUMIFS(RAW_DATA!$J$5:$J$5000,RAW_DATA!$C$5:$C$5000,A45)<DECISION_RULES!$B$5,"CHUA DU DATA", IF(AND(SUMIFS(RAW_DATA!$J$5:$J$5000,RAW_DATA!$C$5:$C$5000,A45)>=DECISION_RULES!$B$5,C45=0,E45=0),"KILL", IF(AND(D45<H45,F45<H45),"SCALE", IF(AND(D45<H45,F45>H45),"WARNING", IF(AND(D45>H45,F45<H45),"TEST","KILL")))))) -> WARNING | J45: =IF(A45="","–",IF(I45="KILL",IF(C45=0,"Da chi tieu nhung 0 conv - tat ngay, kiem tra target va content","Ca 30d va 7d deu kem - nen tat hoac thay content moi"),IF(I45="SCALE","30d va 7d deu tot - co the tang budget 20-30%",IF(I45="WARNING","30d tot nhung 7d dang xau - KHONG scale, theo doi them 3 ngay",IF(I45="TEST","30d chua tot nhung 7d dang cai thien - giu nguyen, cho them 3-5 ngay","Chua du du lieu - can chi tieu "&DECISION_RULES!$B$5&" de danh gia chinh xac"))))) -> 30d tot nhung 7d dang xau - KHONG scale, theo doi them 3 ngay
A46: =IFERROR(__xludf.DUMMYFUNCTION("""COMPUTED_VALUE"""),"HDTOSD_Reels_KyThiThang5_0426_6955") -> HDTOSD_Reels_KyThiThang5_0426_6955 | B46: {=IFERROR(INDEX(RAW_DATA!$L$5:$L$4000,MATCH(A46,RAW_DATA!$C$5:$C$4000,0)),"DEFAULT")} -> Kỳ thi OSD | C46: =IFERROR(SUMPRODUCT((RAW_DATA!C$5:C$2000=A46)*(RAW_DATA!D$5:D$2000>=TODAY()-30)*(RAW_DATA!D$5:D$2000<=TODAY()-1)*RAW_DATA!H$5:H$2000),0) -> 11 | D46: =IF($A46="", "", IFERROR(SUMIFS(RAW_DATA!$J$5:$J$5000, RAW_DATA!$C$5:$C$5000, $A46, RAW_DATA!$D$5:$D$5000, ">="&TODAY()-30, RAW_DATA!$D$5:$D$5000, "<="&TODAY()) / $C46, "–")) -> 110553.82 | E46: =IFERROR(SUMIFS(RAW_DATA!$H$5:$H$4000,RAW_DATA!$C$5:$C$4000,$A46,RAW_DATA!$D$5:$D$4000,">="&TODAY()-7,RAW_DATA!$D$5:$D$4000,"<="&TODAY()),0) -> 1 | F46: =IFERROR(SUMIFS(RAW_DATA!$J$5:$J$4000,RAW_DATA!$C$5:$C$4000,A46,RAW_DATA!$D$5:$D$4000,">="&TODAY()-DECISION_RULES!$B$6,RAW_DATA!$D$5:$D$4000,"<="&TODAY())/E46,"–") -> 79664 | G46: =IFERROR(SUMPRODUCT((RAW_DATA!$C$5:$C$5000=A46)*(RAW_DATA!$D$5:$D$4000>=TODAY()-DECISION_RULES!$B$7)*(RAW_DATA!$D$5:$D$4000<=TODAY())*RAW_DATA!$F$5:$F$5000*RAW_DATA!$G$5:$G$5000/100)/SUMIFS(RAW_DATA!$F$5:$F$5000,RAW_DATA!$C$5:$C$5000,A46,RAW_DATA!$D$5:$D$4000,">="&TODAY()-DECISION_RULES!$B$7,RAW_DATA!$D$5:$D$4000,"<="&TODAY())*100,"–") -> 1.5757311 | H46: =IFERROR(VLOOKUP(B46,BENCHMARK!$A:$B,2,FALSE),VLOOKUP("DEFAULT",BENCHMARK!$A:$B,2,FALSE)) -> 150000 | I46: =IF(A46="","-", IF(SUMIFS(RAW_DATA!$J$5:$J$5000,RAW_DATA!$C$5:$C$5000,A46)<DECISION_RULES!$B$5,"CHUA DU DATA", IF(AND(SUMIFS(RAW_DATA!$J$5:$J$5000,RAW_DATA!$C$5:$C$5000,A46)>=DECISION_RULES!$B$5,C46=0,E46=0),"KILL", IF(AND(D46<H46,F46<H46),"SCALE", IF(AND(D46<H46,F46>H46),"WARNING", IF(AND(D46>H46,F46<H46),"TEST","KILL")))))) -> SCALE | J46: =IF(A46="","–",IF(I46="KILL",IF(C46=0,"Da chi tieu nhung 0 conv - tat ngay, kiem tra target va content","Ca 30d va 7d deu kem - nen tat hoac thay content moi"),IF(I46="SCALE","30d va 7d deu tot - co the tang budget 20-30%",IF(I46="WARNING","30d tot nhung 7d dang xau - KHONG scale, theo doi them 3 ngay",IF(I46="TEST","30d chua tot nhung 7d dang cai thien - giu nguyen, cho them 3-5 ngay","Chua du du lieu - can chi tieu "&DECISION_RULES!$B$5&" de danh gia chinh xac"))))) -> 30d va 7d deu tot - co the tang budget 20-30%
A47: =IFERROR(__xludf.DUMMYFUNCTION("""COMPUTED_VALUE"""),"Nga_Album_Online1Kem1_1124_7685") -> Nga_Album_Online1Kem1_1124_7685 | B47: {=IFERROR(INDEX(RAW_DATA!$L$5:$L$4000,MATCH(A47,RAW_DATA!$C$5:$C$4000,0)),"DEFAULT")} -> Tiếng Nga | C47: =IFERROR(SUMPRODUCT((RAW_DATA!C$5:C$2000=A47)*(RAW_DATA!D$5:D$2000>=TODAY()-30)*(RAW_DATA!D$5:D$2000<=TODAY()-1)*RAW_DATA!H$5:H$2000),0) -> 61 | D47: =IF($A47="", "", IFERROR(SUMIFS(RAW_DATA!$J$5:$J$5000, RAW_DATA!$C$5:$C$5000, $A47, RAW_DATA!$D$5:$D$5000, ">="&TODAY()-30, RAW_DATA!$D$5:$D$5000, "<="&TODAY()) / $C47, "–")) -> 64176.803 | E47: =IFERROR(SUMIFS(RAW_DATA!$H$5:$H$4000,RAW_DATA!$C$5:$C$4000,$A47,RAW_DATA!$D$5:$D$4000,">="&TODAY()-7,RAW_DATA!$D$5:$D$4000,"<="&TODAY()),0) -> 12 | F47: =IFERROR(SUMIFS(RAW_DATA!$J$5:$J$4000,RAW_DATA!$C$5:$C$4000,A47,RAW_DATA!$D$5:$D$4000,">="&TODAY()-DECISION_RULES!$B$6,RAW_DATA!$D$5:$D$4000,"<="&TODAY())/E47,"–") -> 73640.917 | G47: =IFERROR(SUMPRODUCT((RAW_DATA!$C$5:$C$5000=A47)*(RAW_DATA!$D$5:$D$4000>=TODAY()-DECISION_RULES!$B$7)*(RAW_DATA!$D$5:$D$4000<=TODAY())*RAW_DATA!$F$5:$F$5000*RAW_DATA!$G$5:$G$5000/100)/SUMIFS(RAW_DATA!$F$5:$F$5000,RAW_DATA!$C$5:$C$5000,A47,RAW_DATA!$D$5:$D$4000,">="&TODAY()-DECISION_RULES!$B$7,RAW_DATA!$D$5:$D$4000,"<="&TODAY())*100,"–") -> 1.0162546 | H47: =IFERROR(VLOOKUP(B47,BENCHMARK!$A:$B,2,FALSE),VLOOKUP("DEFAULT",BENCHMARK!$A:$B,2,FALSE)) -> 150000 | I47: =IF(A47="","-", IF(SUMIFS(RAW_DATA!$J$5:$J$5000,RAW_DATA!$C$5:$C$5000,A47)<DECISION_RULES!$B$5,"CHUA DU DATA", IF(AND(SUMIFS(RAW_DATA!$J$5:$J$5000,RAW_DATA!$C$5:$C$5000,A47)>=DECISION_RULES!$B$5,C47=0,E47=0),"KILL", IF(AND(D47<H47,F47<H47),"SCALE", IF(AND(D47<H47,F47>H47),"WARNING", IF(AND(D47>H47,F47<H47),"TEST","KILL")))))) -> SCALE | J47: =IF(A47="","–",IF(I47="KILL",IF(C47=0,"Da chi tieu nhung 0 conv - tat ngay, kiem tra target va content","Ca 30d va 7d deu kem - nen tat hoac thay content moi"),IF(I47="SCALE","30d va 7d deu tot - co the tang budget 20-30%",IF(I47="WARNING","30d tot nhung 7d dang xau - KHONG scale, theo doi them 3 ngay",IF(I47="TEST","30d chua tot nhung 7d dang cai thien - giu nguyen, cho them 3-5 ngay","Chua du du lieu - can chi tieu "&DECISION_RULES!$B$5&" de danh gia chinh xac"))))) -> 30d va 7d deu tot - co the tang budget 20-30%
A48: =IFERROR(__xludf.DUMMYFUNCTION("""COMPUTED_VALUE"""),"Nhat_Album_Online1Kem1_DoNiDongGiay_0825_0851") -> Nhat_Album_Online1Kem1_DoNiDongGiay_0825_0851 | B48: {=IFERROR(INDEX(RAW_DATA!$L$5:$L$4000,MATCH(A48,RAW_DATA!$C$5:$C$4000,0)),"DEFAULT")} -> Tiếng Nhật | C48: =IFERROR(SUMPRODUCT((RAW_DATA!C$5:C$2000=A48)*(RAW_DATA!D$5:D$2000>=TODAY()-30)*(RAW_DATA!D$5:D$2000<=TODAY()-1)*RAW_DATA!H$5:H$2000),0) -> 0 | D48: =IF($A48="", "", IFERROR(SUMIFS(RAW_DATA!$J$5:$J$5000, RAW_DATA!$C$5:$C$5000, $A48, RAW_DATA!$D$5:$D$5000, ">="&TODAY()-30, RAW_DATA!$D$5:$D$5000, "<="&TODAY()) / $C48, "–")) -> – | E48: =IFERROR(SUMIFS(RAW_DATA!$H$5:$H$4000,RAW_DATA!$C$5:$C$4000,$A48,RAW_DATA!$D$5:$D$4000,">="&TODAY()-7,RAW_DATA!$D$5:$D$4000,"<="&TODAY()),0) -> 0 | F48: =IFERROR(SUMIFS(RAW_DATA!$J$5:$J$4000,RAW_DATA!$C$5:$C$4000,A48,RAW_DATA!$D$5:$D$4000,">="&TODAY()-DECISION_RULES!$B$6,RAW_DATA!$D$5:$D$4000,"<="&TODAY())/E48,"–") -> – | G48: =IFERROR(SUMPRODUCT((RAW_DATA!$C$5:$C$5000=A48)*(RAW_DATA!$D$5:$D$4000>=TODAY()-DECISION_RULES!$B$7)*(RAW_DATA!$D$5:$D$4000<=TODAY())*RAW_DATA!$F$5:$F$5000*RAW_DATA!$G$5:$G$5000/100)/SUMIFS(RAW_DATA!$F$5:$F$5000,RAW_DATA!$C$5:$C$5000,A48,RAW_DATA!$D$5:$D$4000,">="&TODAY()-DECISION_RULES!$B$7,RAW_DATA!$D$5:$D$4000,"<="&TODAY())*100,"–") -> 2.1276596 | H48: =IFERROR(VLOOKUP(B48,BENCHMARK!$A:$B,2,FALSE),VLOOKUP("DEFAULT",BENCHMARK!$A:$B,2,FALSE)) -> 150000 | I48: =IF(A48="","-", IF(SUMIFS(RAW_DATA!$J$5:$J$5000,RAW_DATA!$C$5:$C$5000,A48)<DECISION_RULES!$B$5,"CHUA DU DATA", IF(AND(SUMIFS(RAW_DATA!$J$5:$J$5000,RAW_DATA!$C$5:$C$5000,A48)>=DECISION_RULES!$B$5,C48=0,E48=0),"KILL", IF(AND(D48<H48,F48<H48),"SCALE", IF(AND(D48<H48,F48>H48),"WARNING", IF(AND(D48>H48,F48<H48),"TEST","KILL")))))) -> CHUA DU DATA | J48: =IF(A48="","–",IF(I48="KILL",IF(C48=0,"Da chi tieu nhung 0 conv - tat ngay, kiem tra target va content","Ca 30d va 7d deu kem - nen tat hoac thay content moi"),IF(I48="SCALE","30d va 7d deu tot - co the tang budget 20-30%",IF(I48="WARNING","30d tot nhung 7d dang xau - KHONG scale, theo doi them 3 ngay",IF(I48="TEST","30d chua tot nhung 7d dang cai thien - giu nguyen, cho them 3-5 ngay","Chua du du lieu - can chi tieu "&DECISION_RULES!$B$5&" de danh gia chinh xac"))))) -> Chua du du lieu - can chi tieu 100000 de danh gia chinh xac
A49: =IFERROR(__xludf.DUMMYFUNCTION("""COMPUTED_VALUE"""),"Nhat_Photo_Online1Kem1_MuiTenChanAi_0924_1844") -> Nhat_Photo_Online1Kem1_MuiTenChanAi_0924_1844 | B49: {=IFERROR(INDEX(RAW_DATA!$L$5:$L$4000,MATCH(A49,RAW_DATA!$C$5:$C$4000,0)),"DEFAULT")} -> Tiếng Nhật | C49: =IFERROR(SUMPRODUCT((RAW_DATA!C$5:C$2000=A49)*(RAW_DATA!D$5:D$2000>=TODAY()-30)*(RAW_DATA!D$5:D$2000<=TODAY()-1)*RAW_DATA!H$5:H$2000),0) -> 30 | D49: =IF($A49="", "", IFERROR(SUMIFS(RAW_DATA!$J$5:$J$5000, RAW_DATA!$C$5:$C$5000, $A49, RAW_DATA!$D$5:$D$5000, ">="&TODAY()-30, RAW_DATA!$D$5:$D$5000, "<="&TODAY()) / $C49, "–")) -> 122185.57 | E49: =IFERROR(SUMIFS(RAW_DATA!$H$5:$H$4000,RAW_DATA!$C$5:$C$4000,$A49,RAW_DATA!$D$5:$D$4000,">="&TODAY()-7,RAW_DATA!$D$5:$D$4000,"<="&TODAY()),0) -> 10 | F49: =IFERROR(SUMIFS(RAW_DATA!$J$5:$J$4000,RAW_DATA!$C$5:$C$4000,A49,RAW_DATA!$D$5:$D$4000,">="&TODAY()-DECISION_RULES!$B$6,RAW_DATA!$D$5:$D$4000,"<="&TODAY())/E49,"–") -> 97588.1 | G49: =IFERROR(SUMPRODUCT((RAW_DATA!$C$5:$C$5000=A49)*(RAW_DATA!$D$5:$D$4000>=TODAY()-DECISION_RULES!$B$7)*(RAW_DATA!$D$5:$D$4000<=TODAY())*RAW_DATA!$F$5:$F$5000*RAW_DATA!$G$5:$G$5000/100)/SUMIFS(RAW_DATA!$F$5:$F$5000,RAW_DATA!$C$5:$C$5000,A49,RAW_DATA!$D$5:$D$4000,">="&TODAY()-DECISION_RULES!$B$7,RAW_DATA!$D$5:$D$4000,"<="&TODAY())*100,"–") -> 1.8226807 | H49: =IFERROR(VLOOKUP(B49,BENCHMARK!$A:$B,2,FALSE),VLOOKUP("DEFAULT",BENCHMARK!$A:$B,2,FALSE)) -> 150000 | I49: =IF(A49="","-", IF(SUMIFS(RAW_DATA!$J$5:$J$5000,RAW_DATA!$C$5:$C$5000,A49)<DECISION_RULES!$B$5,"CHUA DU DATA", IF(AND(SUMIFS(RAW_DATA!$J$5:$J$5000,RAW_DATA!$C$5:$C$5000,A49)>=DECISION_RULES!$B$5,C49=0,E49=0),"KILL", IF(AND(D49<H49,F49<H49),"SCALE", IF(AND(D49<H49,F49>H49),"WARNING", IF(AND(D49>H49,F49<H49),"TEST","KILL")))))) -> SCALE | J49: =IF(A49="","–",IF(I49="KILL",IF(C49=0,"Da chi tieu nhung 0 conv - tat ngay, kiem tra target va content","Ca 30d va 7d deu kem - nen tat hoac thay content moi"),IF(I49="SCALE","30d va 7d deu tot - co the tang budget 20-30%",IF(I49="WARNING","30d tot nhung 7d dang xau - KHONG scale, theo doi them 3 ngay",IF(I49="TEST","30d chua tot nhung 7d dang cai thien - giu nguyen, cho them 3-5 ngay","Chua du du lieu - can chi tieu "&DECISION_RULES!$B$5&" de danh gia chinh xac"))))) -> 30d va 7d deu tot - co the tang budget 20-30%
A50: =IFERROR(__xludf.DUMMYFUNCTION("""COMPUTED_VALUE"""),"Nhat_Reels_Online1Kem1_MuiTenChanAi_0924_6884") -> Nhat_Reels_Online1Kem1_MuiTenChanAi_0924_6884 | B50: {=IFERROR(INDEX(RAW_DATA!$L$5:$L$4000,MATCH(A50,RAW_DATA!$C$5:$C$4000,0)),"DEFAULT")} -> Tiếng Nhật | C50: =IFERROR(SUMPRODUCT((RAW_DATA!C$5:C$2000=A50)*(RAW_DATA!D$5:D$2000>=TODAY()-30)*(RAW_DATA!D$5:D$2000<=TODAY()-1)*RAW_DATA!H$5:H$2000),0) -> 14 | D50: =IF($A50="", "", IFERROR(SUMIFS(RAW_DATA!$J$5:$J$5000, RAW_DATA!$C$5:$C$5000, $A50, RAW_DATA!$D$5:$D$5000, ">="&TODAY()-30, RAW_DATA!$D$5:$D$5000, "<="&TODAY()) / $C50, "–")) -> 88739 | E50: =IFERROR(SUMIFS(RAW_DATA!$H$5:$H$4000,RAW_DATA!$C$5:$C$4000,$A50,RAW_DATA!$D$5:$D$4000,">="&TODAY()-7,RAW_DATA!$D$5:$D$4000,"<="&TODAY()),0) -> 0 | F50: =IFERROR(SUMIFS(RAW_DATA!$J$5:$J$4000,RAW_DATA!$C$5:$C$4000,A50,RAW_DATA!$D$5:$D$4000,">="&TODAY()-DECISION_RULES!$B$6,RAW_DATA!$D$5:$D$4000,"<="&TODAY())/E50,"–") -> – | G50: =IFERROR(SUMPRODUCT((RAW_DATA!$C$5:$C$5000=A50)*(RAW_DATA!$D$5:$D$4000>=TODAY()-DECISION_RULES!$B$7)*(RAW_DATA!$D$5:$D$4000<=TODAY())*RAW_DATA!$F$5:$F$5000*RAW_DATA!$G$5:$G$5000/100)/SUMIFS(RAW_DATA!$F$5:$F$5000,RAW_DATA!$C$5:$C$5000,A50,RAW_DATA!$D$5:$D$4000,">="&TODAY()-DECISION_RULES!$B$7,RAW_DATA!$D$5:$D$4000,"<="&TODAY())*100,"–") -> 1.9197003 | H50: =IFERROR(VLOOKUP(B50,BENCHMARK!$A:$B,2,FALSE),VLOOKUP("DEFAULT",BENCHMARK!$A:$B,2,FALSE)) -> 150000 | I50: =IF(A50="","-", IF(SUMIFS(RAW_DATA!$J$5:$J$5000,RAW_DATA!$C$5:$C$5000,A50)<DECISION_RULES!$B$5,"CHUA DU DATA", IF(AND(SUMIFS(RAW_DATA!$J$5:$J$5000,RAW_DATA!$C$5:$C$5000,A50)>=DECISION_RULES!$B$5,C50=0,E50=0),"KILL", IF(AND(D50<H50,F50<H50),"SCALE", IF(AND(D50<H50,F50>H50),"WARNING", IF(AND(D50>H50,F50<H50),"TEST","KILL")))))) -> WARNING | J50: =IF(A50="","–",IF(I50="KILL",IF(C50=0,"Da chi tieu nhung 0 conv - tat ngay, kiem tra target va content","Ca 30d va 7d deu kem - nen tat hoac thay content moi"),IF(I50="SCALE","30d va 7d deu tot - co the tang budget 20-30%",IF(I50="WARNING","30d tot nhung 7d dang xau - KHONG scale, theo doi them 3 ngay",IF(I50="TEST","30d chua tot nhung 7d dang cai thien - giu nguyen, cho them 3-5 ngay","Chua du du lieu - can chi tieu "&DECISION_RULES!$B$5&" de danh gia chinh xac"))))) -> 30d tot nhung 7d dang xau - KHONG scale, theo doi them 3 ngay
A51: =IFERROR(__xludf.DUMMYFUNCTION("""COMPUTED_VALUE"""),"OSD_Album_MoCongDangKyT5_0426_5171") -> OSD_Album_MoCongDangKyT5_0426_5171 | B51: {=IFERROR(INDEX(RAW_DATA!$L$5:$L$4000,MATCH(A51,RAW_DATA!$C$5:$C$4000,0)),"DEFAULT")} -> Kỳ thi OSD | C51: =IFERROR(SUMPRODUCT((RAW_DATA!C$5:C$2000=A51)*(RAW_DATA!D$5:D$2000>=TODAY()-30)*(RAW_DATA!D$5:D$2000<=TODAY()-1)*RAW_DATA!H$5:H$2000),0) -> 51 | D51: =IF($A51="", "", IFERROR(SUMIFS(RAW_DATA!$J$5:$J$5000, RAW_DATA!$C$5:$C$5000, $A51, RAW_DATA!$D$5:$D$5000, ">="&TODAY()-30, RAW_DATA!$D$5:$D$5000, "<="&TODAY()) / $C51, "–")) -> 81759.667 | E51: =IFERROR(SUMIFS(RAW_DATA!$H$5:$H$4000,RAW_DATA!$C$5:$C$4000,$A51,RAW_DATA!$D$5:$D$4000,">="&TODAY()-7,RAW_DATA!$D$5:$D$4000,"<="&TODAY()),0) -> 5 | F51: =IFERROR(SUMIFS(RAW_DATA!$J$5:$J$4000,RAW_DATA!$C$5:$C$4000,A51,RAW_DATA!$D$5:$D$4000,">="&TODAY()-DECISION_RULES!$B$6,RAW_DATA!$D$5:$D$4000,"<="&TODAY())/E51,"–") -> 37510.8 | G51: =IFERROR(SUMPRODUCT((RAW_DATA!$C$5:$C$5000=A51)*(RAW_DATA!$D$5:$D$4000>=TODAY()-DECISION_RULES!$B$7)*(RAW_DATA!$D$5:$D$4000<=TODAY())*RAW_DATA!$F$5:$F$5000*RAW_DATA!$G$5:$G$5000/100)/SUMIFS(RAW_DATA!$F$5:$F$5000,RAW_DATA!$C$5:$C$5000,A51,RAW_DATA!$D$5:$D$4000,">="&TODAY()-DECISION_RULES!$B$7,RAW_DATA!$D$5:$D$4000,"<="&TODAY())*100,"–") -> 1.1947867 | H51: =IFERROR(VLOOKUP(B51,BENCHMARK!$A:$B,2,FALSE),VLOOKUP("DEFAULT",BENCHMARK!$A:$B,2,FALSE)) -> 150000 | I51: =IF(A51="","-", IF(SUMIFS(RAW_DATA!$J$5:$J$5000,RAW_DATA!$C$5:$C$5000,A51)<DECISION_RULES!$B$5,"CHUA DU DATA", IF(AND(SUMIFS(RAW_DATA!$J$5:$J$5000,RAW_DATA!$C$5:$C$5000,A51)>=DECISION_RULES!$B$5,C51=0,E51=0),"KILL", IF(AND(D51<H51,F51<H51),"SCALE", IF(AND(D51<H51,F51>H51),"WARNING", IF(AND(D51>H51,F51<H51),"TEST","KILL")))))) -> SCALE | J51: =IF(A51="","–",IF(I51="KILL",IF(C51=0,"Da chi tieu nhung 0 conv - tat ngay, kiem tra target va content","Ca 30d va 7d deu kem - nen tat hoac thay content moi"),IF(I51="SCALE","30d va 7d deu tot - co the tang budget 20-30%",IF(I51="WARNING","30d tot nhung 7d dang xau - KHONG scale, theo doi them 3 ngay",IF(I51="TEST","30d chua tot nhung 7d dang cai thien - giu nguyen, cho them 3-5 ngay","Chua du du lieu - can chi tieu "&DECISION_RULES!$B$5&" de danh gia chinh xac"))))) -> 30d va 7d deu tot - co the tang budget 20-30%
A52: =IFERROR(__xludf.DUMMYFUNCTION("""COMPUTED_VALUE"""),"OSD_Reels_KyThiT5_0426_5171") -> OSD_Reels_KyThiT5_0426_5171 | B52: {=IFERROR(INDEX(RAW_DATA!$L$5:$L$4000,MATCH(A52,RAW_DATA!$C$5:$C$4000,0)),"DEFAULT")} -> Kỳ thi OSD | C52: =IFERROR(SUMPRODUCT((RAW_DATA!C$5:C$2000=A52)*(RAW_DATA!D$5:D$2000>=TODAY()-30)*(RAW_DATA!D$5:D$2000<=TODAY()-1)*RAW_DATA!H$5:H$2000),0) -> 57 | D52: =IF($A52="", "", IFERROR(SUMIFS(RAW_DATA!$J$5:$J$5000, RAW_DATA!$C$5:$C$5000, $A52, RAW_DATA!$D$5:$D$5000, ">="&TODAY()-30, RAW_DATA!$D$5:$D$5000, "<="&TODAY()) / $C52, "–")) -> 94612.281 | E52: =IFERROR(SUMIFS(RAW_DATA!$H$5:$H$4000,RAW_DATA!$C$5:$C$4000,$A52,RAW_DATA!$D$5:$D$4000,">="&TODAY()-7,RAW_DATA!$D$5:$D$4000,"<="&TODAY()),0) -> 25 | F52: =IFERROR(SUMIFS(RAW_DATA!$J$5:$J$4000,RAW_DATA!$C$5:$C$4000,A52,RAW_DATA!$D$5:$D$4000,">="&TODAY()-DECISION_RULES!$B$6,RAW_DATA!$D$5:$D$4000,"<="&TODAY())/E52,"–") -> 100038.52 | G52: =IFERROR(SUMPRODUCT((RAW_DATA!$C$5:$C$5000=A52)*(RAW_DATA!$D$5:$D$4000>=TODAY()-DECISION_RULES!$B$7)*(RAW_DATA!$D$5:$D$4000<=TODAY())*RAW_DATA!$F$5:$F$5000*RAW_DATA!$G$5:$G$5000/100)/SUMIFS(RAW_DATA!$F$5:$F$5000,RAW_DATA!$C$5:$C$5000,A52,RAW_DATA!$D$5:$D$4000,">="&TODAY()-DECISION_RULES!$B$7,RAW_DATA!$D$5:$D$4000,"<="&TODAY())*100,"–") -> 1.0177332 | H52: =IFERROR(VLOOKUP(B52,BENCHMARK!$A:$B,2,FALSE),VLOOKUP("DEFAULT",BENCHMARK!$A:$B,2,FALSE)) -> 150000 | I52: =IF(A52="","-", IF(SUMIFS(RAW_DATA!$J$5:$J$5000,RAW_DATA!$C$5:$C$5000,A52)<DECISION_RULES!$B$5,"CHUA DU DATA", IF(AND(SUMIFS(RAW_DATA!$J$5:$J$5000,RAW_DATA!$C$5:$C$5000,A52)>=DECISION_RULES!$B$5,C52=0,E52=0),"KILL", IF(AND(D52<H52,F52<H52),"SCALE", IF(AND(D52<H52,F52>H52),"WARNING", IF(AND(D52>H52,F52<H52),"TEST","KILL")))))) -> SCALE | J52: =IF(A52="","–",IF(I52="KILL",IF(C52=0,"Da chi tieu nhung 0 conv - tat ngay, kiem tra target va content","Ca 30d va 7d deu kem - nen tat hoac thay content moi"),IF(I52="SCALE","30d va 7d deu tot - co the tang budget 20-30%",IF(I52="WARNING","30d tot nhung 7d dang xau - KHONG scale, theo doi them 3 ngay",IF(I52="TEST","30d chua tot nhung 7d dang cai thien - giu nguyen, cho them 3-5 ngay","Chua du du lieu - can chi tieu "&DECISION_RULES!$B$5&" de danh gia chinh xac"))))) -> 30d va 7d deu tot - co the tang budget 20-30%
A53: =IFERROR(__xludf.DUMMYFUNCTION("""COMPUTED_VALUE"""),"Phap_Album_Offline_LKG_1MuiTen3Dich_1225_7246") -> Phap_Album_Offline_LKG_1MuiTen3Dich_1225_7246 | B53: {=IFERROR(INDEX(RAW_DATA!$L$5:$L$4000,MATCH(A53,RAW_DATA!$C$5:$C$4000,0)),"DEFAULT")} -> Tiếng Pháp | C53: =IFERROR(SUMPRODUCT((RAW_DATA!C$5:C$2000=A53)*(RAW_DATA!D$5:D$2000>=TODAY()-30)*(RAW_DATA!D$5:D$2000<=TODAY()-1)*RAW_DATA!H$5:H$2000),0) -> 0 | D53: =IF($A53="", "", IFERROR(SUMIFS(RAW_DATA!$J$5:$J$5000, RAW_DATA!$C$5:$C$5000, $A53, RAW_DATA!$D$5:$D$5000, ">="&TODAY()-30, RAW_DATA!$D$5:$D$5000, "<="&TODAY()) / $C53, "–")) -> – | E53: =IFERROR(SUMIFS(RAW_DATA!$H$5:$H$4000,RAW_DATA!$C$5:$C$4000,$A53,RAW_DATA!$D$5:$D$4000,">="&TODAY()-7,RAW_DATA!$D$5:$D$4000,"<="&TODAY()),0) -> 0 | F53: =IFERROR(SUMIFS(RAW_DATA!$J$5:$J$4000,RAW_DATA!$C$5:$C$4000,A53,RAW_DATA!$D$5:$D$4000,">="&TODAY()-DECISION_RULES!$B$6,RAW_DATA!$D$5:$D$4000,"<="&TODAY())/E53,"–") -> – | G53: =IFERROR(SUMPRODUCT((RAW_DATA!$C$5:$C$5000=A53)*(RAW_DATA!$D$5:$D$4000>=TODAY()-DECISION_RULES!$B$7)*(RAW_DATA!$D$5:$D$4000<=TODAY())*RAW_DATA!$F$5:$F$5000*RAW_DATA!$G$5:$G$5000/100)/SUMIFS(RAW_DATA!$F$5:$F$5000,RAW_DATA!$C$5:$C$5000,A53,RAW_DATA!$D$5:$D$4000,">="&TODAY()-DECISION_RULES!$B$7,RAW_DATA!$D$5:$D$4000,"<="&TODAY())*100,"–") -> 0.95328885 | H53: =IFERROR(VLOOKUP(B53,BENCHMARK!$A:$B,2,FALSE),VLOOKUP("DEFAULT",BENCHMARK!$A:$B,2,FALSE)) -> 150000 | I53: =IF(A53="","-", IF(SUMIFS(RAW_DATA!$J$5:$J$5000,RAW_DATA!$C$5:$C$5000,A53)<DECISION_RULES!$B$5,"CHUA DU DATA", IF(AND(SUMIFS(RAW_DATA!$J$5:$J$5000,RAW_DATA!$C$5:$C$5000,A53)>=DECISION_RULES!$B$5,C53=0,E53=0),"KILL", IF(AND(D53<H53,F53<H53),"SCALE", IF(AND(D53<H53,F53>H53),"WARNING", IF(AND(D53>H53,F53<H53),"TEST","KILL")))))) -> CHUA DU DATA | J53: =IF(A53="","–",IF(I53="KILL",IF(C53=0,"Da chi tieu nhung 0 conv - tat ngay, kiem tra target va content","Ca 30d va 7d deu kem - nen tat hoac thay content moi"),IF(I53="SCALE","30d va 7d deu tot - co the tang budget 20-30%",IF(I53="WARNING","30d tot nhung 7d dang xau - KHONG scale, theo doi them 3 ngay",IF(I53="TEST","30d chua tot nhung 7d dang cai thien - giu nguyen, cho them 3-5 ngay","Chua du du lieu - can chi tieu "&DECISION_RULES!$B$5&" de danh gia chinh xac"))))) -> Chua du du lieu - can chi tieu 100000 de danh gia chinh xac
A54: =IFERROR(__xludf.DUMMYFUNCTION("""COMPUTED_VALUE"""),"Phap_Album_Offline_LKG_BonjourThangMoi_0225_3778") -> Phap_Album_Offline_LKG_BonjourThangMoi_0225_3778 | B54: {=IFERROR(INDEX(RAW_DATA!$L$5:$L$4000,MATCH(A54,RAW_DATA!$C$5:$C$4000,0)),"DEFAULT")} -> Tiếng Pháp | C54: =IFERROR(SUMPRODUCT((RAW_DATA!C$5:C$2000=A54)*(RAW_DATA!D$5:D$2000>=TODAY()-30)*(RAW_DATA!D$5:D$2000<=TODAY()-1)*RAW_DATA!H$5:H$2000),0) -> 1 | D54: =IF($A54="", "", IFERROR(SUMIFS(RAW_DATA!$J$5:$J$5000, RAW_DATA!$C$5:$C$5000, $A54, RAW_DATA!$D$5:$D$5000, ">="&TODAY()-30, RAW_DATA!$D$5:$D$5000, "<="&TODAY()) / $C54, "–")) -> 14176 | E54: =IFERROR(SUMIFS(RAW_DATA!$H$5:$H$4000,RAW_DATA!$C$5:$C$4000,$A54,RAW_DATA!$D$5:$D$4000,">="&TODAY()-7,RAW_DATA!$D$5:$D$4000,"<="&TODAY()),0) -> 1 | F54: =IFERROR(SUMIFS(RAW_DATA!$J$5:$J$4000,RAW_DATA!$C$5:$C$4000,A54,RAW_DATA!$D$5:$D$4000,">="&TODAY()-DECISION_RULES!$B$6,RAW_DATA!$D$5:$D$4000,"<="&TODAY())/E54,"–") -> 14176 | G54: =IFERROR(SUMPRODUCT((RAW_DATA!$C$5:$C$5000=A54)*(RAW_DATA!$D$5:$D$4000>=TODAY()-DECISION_RULES!$B$7)*(RAW_DATA!$D$5:$D$4000<=TODAY())*RAW_DATA!$F$5:$F$5000*RAW_DATA!$G$5:$G$5000/100)/SUMIFS(RAW_DATA!$F$5:$F$5000,RAW_DATA!$C$5:$C$5000,A54,RAW_DATA!$D$5:$D$4000,">="&TODAY()-DECISION_RULES!$B$7,RAW_DATA!$D$5:$D$4000,"<="&TODAY())*100,"–") -> 3.4682081 | H54: =IFERROR(VLOOKUP(B54,BENCHMARK!$A:$B,2,FALSE),VLOOKUP("DEFAULT",BENCHMARK!$A:$B,2,FALSE)) -> 150000 | I54: =IF(A54="","-", IF(SUMIFS(RAW_DATA!$J$5:$J$5000,RAW_DATA!$C$5:$C$5000,A54)<DECISION_RULES!$B$5,"CHUA DU DATA", IF(AND(SUMIFS(RAW_DATA!$J$5:$J$5000,RAW_DATA!$C$5:$C$5000,A54)>=DECISION_RULES!$B$5,C54=0,E54=0),"KILL", IF(AND(D54<H54,F54<H54),"SCALE", IF(AND(D54<H54,F54>H54),"WARNING", IF(AND(D54>H54,F54<H54),"TEST","KILL")))))) -> CHUA DU DATA | J54: =IF(A54="","–",IF(I54="KILL",IF(C54=0,"Da chi tieu nhung 0 conv - tat ngay, kiem tra target va content","Ca 30d va 7d deu kem - nen tat hoac thay content moi"),IF(I54="SCALE","30d va 7d deu tot - co the tang budget 20-30%",IF(I54="WARNING","30d tot nhung 7d dang xau - KHONG scale, theo doi them 3 ngay",IF(I54="TEST","30d chua tot nhung 7d dang cai thien - giu nguyen, cho them 3-5 ngay","Chua du du lieu - can chi tieu "&DECISION_RULES!$B$5&" de danh gia chinh xac"))))) -> Chua du du lieu - can chi tieu 100000 de danh gia chinh xac
A55: =IFERROR(__xludf.DUMMYFUNCTION("""COMPUTED_VALUE"""),"Phap_Album_Online_LKG_SongDuLau_0326_0134") -> Phap_Album_Online_LKG_SongDuLau_0326_0134 | B55: {=IFERROR(INDEX(RAW_DATA!$L$5:$L$4000,MATCH(A55,RAW_DATA!$C$5:$C$4000,0)),"DEFAULT")} -> Tiếng Pháp | C55: =IFERROR(SUMPRODUCT((RAW_DATA!C$5:C$2000=A55)*(RAW_DATA!D$5:D$2000>=TODAY()-30)*(RAW_DATA!D$5:D$2000<=TODAY()-1)*RAW_DATA!H$5:H$2000),0) -> 0 | D55: =IF($A55="", "", IFERROR(SUMIFS(RAW_DATA!$J$5:$J$5000, RAW_DATA!$C$5:$C$5000, $A55, RAW_DATA!$D$5:$D$5000, ">="&TODAY()-30, RAW_DATA!$D$5:$D$5000, "<="&TODAY()) / $C55, "–")) -> – | E55: =IFERROR(SUMIFS(RAW_DATA!$H$5:$H$4000,RAW_DATA!$C$5:$C$4000,$A55,RAW_DATA!$D$5:$D$4000,">="&TODAY()-7,RAW_DATA!$D$5:$D$4000,"<="&TODAY()),0) -> 0 | F55: =IFERROR(SUMIFS(RAW_DATA!$J$5:$J$4000,RAW_DATA!$C$5:$C$4000,A55,RAW_DATA!$D$5:$D$4000,">="&TODAY()-DECISION_RULES!$B$6,RAW_DATA!$D$5:$D$4000,"<="&TODAY())/E55,"–") -> – | G55: =IFERROR(SUMPRODUCT((RAW_DATA!$C$5:$C$5000=A55)*(RAW_DATA!$D$5:$D$4000>=TODAY()-DECISION_RULES!$B$7)*(RAW_DATA!$D$5:$D$4000<=TODAY())*RAW_DATA!$F$5:$F$5000*RAW_DATA!$G$5:$G$5000/100)/SUMIFS(RAW_DATA!$F$5:$F$5000,RAW_DATA!$C$5:$C$5000,A55,RAW_DATA!$D$5:$D$4000,">="&TODAY()-DECISION_RULES!$B$7,RAW_DATA!$D$5:$D$4000,"<="&TODAY())*100,"–") -> 0.81300813 | H55: =IFERROR(VLOOKUP(B55,BENCHMARK!$A:$B,2,FALSE),VLOOKUP("DEFAULT",BENCHMARK!$A:$B,2,FALSE)) -> 150000 | I55: =IF(A55="","-", IF(SUMIFS(RAW_DATA!$J$5:$J$5000,RAW_DATA!$C$5:$C$5000,A55)<DECISION_RULES!$B$5,"CHUA DU DATA", IF(AND(SUMIFS(RAW_DATA!$J$5:$J$5000,RAW_DATA!$C$5:$C$5000,A55)>=DECISION_RULES!$B$5,C55=0,E55=0),"KILL", IF(AND(D55<H55,F55<H55),"SCALE", IF(AND(D55<H55,F55>H55),"WARNING", IF(AND(D55>H55,F55<H55),"TEST","KILL")))))) -> CHUA DU DATA | J55: =IF(A55="","–",IF(I55="KILL",IF(C55=0,"Da chi tieu nhung 0 conv - tat ngay, kiem tra target va content","Ca 30d va 7d deu kem - nen tat hoac thay content moi"),IF(I55="SCALE","30d va 7d deu tot - co the tang budget 20-30%",IF(I55="WARNING","30d tot nhung 7d dang xau - KHONG scale, theo doi them 3 ngay",IF(I55="TEST","30d chua tot nhung 7d dang cai thien - giu nguyen, cho them 3-5 ngay","Chua du du lieu - can chi tieu "&DECISION_RULES!$B$5&" de danh gia chinh xac"))))) -> Chua du du lieu - can chi tieu 100000 de danh gia chinh xac
A56: =IFERROR(__xludf.DUMMYFUNCTION("""COMPUTED_VALUE"""),"Phap_Photo_Offline_LKG_LenMaKhoaTiengPhap_0326_0591") -> Phap_Photo_Offline_LKG_LenMaKhoaTiengPhap_0326_0591 | B56: {=IFERROR(INDEX(RAW_DATA!$L$5:$L$4000,MATCH(A56,RAW_DATA!$C$5:$C$4000,0)),"DEFAULT")} -> Tiếng Pháp | C56: =IFERROR(SUMPRODUCT((RAW_DATA!C$5:C$2000=A56)*(RAW_DATA!D$5:D$2000>=TODAY()-30)*(RAW_DATA!D$5:D$2000<=TODAY()-1)*RAW_DATA!H$5:H$2000),0) -> 3 | D56: =IF($A56="", "", IFERROR(SUMIFS(RAW_DATA!$J$5:$J$5000, RAW_DATA!$C$5:$C$5000, $A56, RAW_DATA!$D$5:$D$5000, ">="&TODAY()-30, RAW_DATA!$D$5:$D$5000, "<="&TODAY()) / $C56, "–")) -> 66547.667 | E56: =IFERROR(SUMIFS(RAW_DATA!$H$5:$H$4000,RAW_DATA!$C$5:$C$4000,$A56,RAW_DATA!$D$5:$D$4000,">="&TODAY()-7,RAW_DATA!$D$5:$D$4000,"<="&TODAY()),0) -> 3 | F56: =IFERROR(SUMIFS(RAW_DATA!$J$5:$J$4000,RAW_DATA!$C$5:$C$4000,A56,RAW_DATA!$D$5:$D$4000,">="&TODAY()-DECISION_RULES!$B$6,RAW_DATA!$D$5:$D$4000,"<="&TODAY())/E56,"–") -> 66547.667 | G56: =IFERROR(SUMPRODUCT((RAW_DATA!$C$5:$C$5000=A56)*(RAW_DATA!$D$5:$D$4000>=TODAY()-DECISION_RULES!$B$7)*(RAW_DATA!$D$5:$D$4000<=TODAY())*RAW_DATA!$F$5:$F$5000*RAW_DATA!$G$5:$G$5000/100)/SUMIFS(RAW_DATA!$F$5:$F$5000,RAW_DATA!$C$5:$C$5000,A56,RAW_DATA!$D$5:$D$4000,">="&TODAY()-DECISION_RULES!$B$7,RAW_DATA!$D$5:$D$4000,"<="&TODAY())*100,"–") -> 2.118863 | H56: =IFERROR(VLOOKUP(B56,BENCHMARK!$A:$B,2,FALSE),VLOOKUP("DEFAULT",BENCHMARK!$A:$B,2,FALSE)) -> 150000 | I56: =IF(A56="","-", IF(SUMIFS(RAW_DATA!$J$5:$J$5000,RAW_DATA!$C$5:$C$5000,A56)<DECISION_RULES!$B$5,"CHUA DU DATA", IF(AND(SUMIFS(RAW_DATA!$J$5:$J$5000,RAW_DATA!$C$5:$C$5000,A56)>=DECISION_RULES!$B$5,C56=0,E56=0),"KILL", IF(AND(D56<H56,F56<H56),"SCALE", IF(AND(D56<H56,F56>H56),"WARNING", IF(AND(D56>H56,F56<H56),"TEST","KILL")))))) -> SCALE | J56: =IF(A56="","–",IF(I56="KILL",IF(C56=0,"Da chi tieu nhung 0 conv - tat ngay, kiem tra target va content","Ca 30d va 7d deu kem - nen tat hoac thay content moi"),IF(I56="SCALE","30d va 7d deu tot - co the tang budget 20-30%",IF(I56="WARNING","30d tot nhung 7d dang xau - KHONG scale, theo doi them 3 ngay",IF(I56="TEST","30d chua tot nhung 7d dang cai thien - giu nguyen, cho them 3-5 ngay","Chua du du lieu - can chi tieu "&DECISION_RULES!$B$5&" de danh gia chinh xac"))))) -> 30d va 7d deu tot - co the tang budget 20-30%
A57: =IFERROR(__xludf.DUMMYFUNCTION("""COMPUTED_VALUE"""),"Phap_Photo_Online_GoiBangSDT_0625_6959") -> Phap_Photo_Online_GoiBangSDT_0625_6959 | B57: {=IFERROR(INDEX(RAW_DATA!$L$5:$L$4000,MATCH(A57,RAW_DATA!$C$5:$C$4000,0)),"DEFAULT")} -> Tiếng Pháp | C57: =IFERROR(SUMPRODUCT((RAW_DATA!C$5:C$2000=A57)*(RAW_DATA!D$5:D$2000>=TODAY()-30)*(RAW_DATA!D$5:D$2000<=TODAY()-1)*RAW_DATA!H$5:H$2000),0) -> 0 | D57: =IF($A57="", "", IFERROR(SUMIFS(RAW_DATA!$J$5:$J$5000, RAW_DATA!$C$5:$C$5000, $A57, RAW_DATA!$D$5:$D$5000, ">="&TODAY()-30, RAW_DATA!$D$5:$D$5000, "<="&TODAY()) / $C57, "–")) -> – | E57: =IFERROR(SUMIFS(RAW_DATA!$H$5:$H$4000,RAW_DATA!$C$5:$C$4000,$A57,RAW_DATA!$D$5:$D$4000,">="&TODAY()-7,RAW_DATA!$D$5:$D$4000,"<="&TODAY()),0) -> 0 | F57: =IFERROR(SUMIFS(RAW_DATA!$J$5:$J$4000,RAW_DATA!$C$5:$C$4000,A57,RAW_DATA!$D$5:$D$4000,">="&TODAY()-DECISION_RULES!$B$6,RAW_DATA!$D$5:$D$4000,"<="&TODAY())/E57,"–") -> – | G57: =IFERROR(SUMPRODUCT((RAW_DATA!$C$5:$C$5000=A57)*(RAW_DATA!$D$5:$D$4000>=TODAY()-DECISION_RULES!$B$7)*(RAW_DATA!$D$5:$D$4000<=TODAY())*RAW_DATA!$F$5:$F$5000*RAW_DATA!$G$5:$G$5000/100)/SUMIFS(RAW_DATA!$F$5:$F$5000,RAW_DATA!$C$5:$C$5000,A57,RAW_DATA!$D$5:$D$4000,">="&TODAY()-DECISION_RULES!$B$7,RAW_DATA!$D$5:$D$4000,"<="&TODAY())*100,"–") -> 0 | H57: =IFERROR(VLOOKUP(B57,BENCHMARK!$A:$B,2,FALSE),VLOOKUP("DEFAULT",BENCHMARK!$A:$B,2,FALSE)) -> 150000 | I57: =IF(A57="","-", IF(SUMIFS(RAW_DATA!$J$5:$J$5000,RAW_DATA!$C$5:$C$5000,A57)<DECISION_RULES!$B$5,"CHUA DU DATA", IF(AND(SUMIFS(RAW_DATA!$J$5:$J$5000,RAW_DATA!$C$5:$C$5000,A57)>=DECISION_RULES!$B$5,C57=0,E57=0),"KILL", IF(AND(D57<H57,F57<H57),"SCALE", IF(AND(D57<H57,F57>H57),"WARNING", IF(AND(D57>H57,F57<H57),"TEST","KILL")))))) -> CHUA DU DATA | J57: =IF(A57="","–",IF(I57="KILL",IF(C57=0,"Da chi tieu nhung 0 conv - tat ngay, kiem tra target va content","Ca 30d va 7d deu kem - nen tat hoac thay content moi"),IF(I57="SCALE","30d va 7d deu tot - co the tang budget 20-30%",IF(I57="WARNING","30d tot nhung 7d dang xau - KHONG scale, theo doi them 3 ngay",IF(I57="TEST","30d chua tot nhung 7d dang cai thien - giu nguyen, cho them 3-5 ngay","Chua du du lieu - can chi tieu "&DECISION_RULES!$B$5&" de danh gia chinh xac"))))) -> Chua du du lieu - can chi tieu 100000 de danh gia chinh xac
A58: =IFERROR(__xludf.DUMMYFUNCTION("""COMPUTED_VALUE"""),"Phap_Photo_Online_SongDuLau_0326_2893") -> Phap_Photo_Online_SongDuLau_0326_2893 | B58: {=IFERROR(INDEX(RAW_DATA!$L$5:$L$4000,MATCH(A58,RAW_DATA!$C$5:$C$4000,0)),"DEFAULT")} -> Tiếng Pháp | C58: =IFERROR(SUMPRODUCT((RAW_DATA!C$5:C$2000=A58)*(RAW_DATA!D$5:D$2000>=TODAY()-30)*(RAW_DATA!D$5:D$2000<=TODAY()-1)*RAW_DATA!H$5:H$2000),0) -> 0 | D58: =IF($A58="", "", IFERROR(SUMIFS(RAW_DATA!$J$5:$J$5000, RAW_DATA!$C$5:$C$5000, $A58, RAW_DATA!$D$5:$D$5000, ">="&TODAY()-30, RAW_DATA!$D$5:$D$5000, "<="&TODAY()) / $C58, "–")) -> – | E58: =IFERROR(SUMIFS(RAW_DATA!$H$5:$H$4000,RAW_DATA!$C$5:$C$4000,$A58,RAW_DATA!$D$5:$D$4000,">="&TODAY()-7,RAW_DATA!$D$5:$D$4000,"<="&TODAY()),0) -> 0 | F58: =IFERROR(SUMIFS(RAW_DATA!$J$5:$J$4000,RAW_DATA!$C$5:$C$4000,A58,RAW_DATA!$D$5:$D$4000,">="&TODAY()-DECISION_RULES!$B$6,RAW_DATA!$D$5:$D$4000,"<="&TODAY())/E58,"–") -> – | G58: =IFERROR(SUMPRODUCT((RAW_DATA!$C$5:$C$5000=A58)*(RAW_DATA!$D$5:$D$4000>=TODAY()-DECISION_RULES!$B$7)*(RAW_DATA!$D$5:$D$4000<=TODAY())*RAW_DATA!$F$5:$F$5000*RAW_DATA!$G$5:$G$5000/100)/SUMIFS(RAW_DATA!$F$5:$F$5000,RAW_DATA!$C$5:$C$5000,A58,RAW_DATA!$D$5:$D$4000,">="&TODAY()-DECISION_RULES!$B$7,RAW_DATA!$D$5:$D$4000,"<="&TODAY())*100,"–") -> 0 | H58: =IFERROR(VLOOKUP(B58,BENCHMARK!$A:$B,2,FALSE),VLOOKUP("DEFAULT",BENCHMARK!$A:$B,2,FALSE)) -> 150000 | I58: =IF(A58="","-", IF(SUMIFS(RAW_DATA!$J$5:$J$5000,RAW_DATA!$C$5:$C$5000,A58)<DECISION_RULES!$B$5,"CHUA DU DATA", IF(AND(SUMIFS(RAW_DATA!$J$5:$J$5000,RAW_DATA!$C$5:$C$5000,A58)>=DECISION_RULES!$B$5,C58=0,E58=0),"KILL", IF(AND(D58<H58,F58<H58),"SCALE", IF(AND(D58<H58,F58>H58),"WARNING", IF(AND(D58>H58,F58<H58),"TEST","KILL")))))) -> CHUA DU DATA | J58: =IF(A58="","–",IF(I58="KILL",IF(C58=0,"Da chi tieu nhung 0 conv - tat ngay, kiem tra target va content","Ca 30d va 7d deu kem - nen tat hoac thay content moi"),IF(I58="SCALE","30d va 7d deu tot - co the tang budget 20-30%",IF(I58="WARNING","30d tot nhung 7d dang xau - KHONG scale, theo doi them 3 ngay",IF(I58="TEST","30d chua tot nhung 7d dang cai thien - giu nguyen, cho them 3-5 ngay","Chua du du lieu - can chi tieu "&DECISION_RULES!$B$5&" de danh gia chinh xac"))))) -> Chua du du lieu - can chi tieu 100000 de danh gia chinh xac
A59: =IFERROR(__xludf.DUMMYFUNCTION("""COMPUTED_VALUE"""),"Phap_Reels_Offline_VongXoayPhapNgu_0424_1652") -> Phap_Reels_Offline_VongXoayPhapNgu_0424_1652 | B59: {=IFERROR(INDEX(RAW_DATA!$L$5:$L$4000,MATCH(A59,RAW_DATA!$C$5:$C$4000,0)),"DEFAULT")} -> Tiếng Pháp | C59: =IFERROR(SUMPRODUCT((RAW_DATA!C$5:C$2000=A59)*(RAW_DATA!D$5:D$2000>=TODAY()-30)*(RAW_DATA!D$5:D$2000<=TODAY()-1)*RAW_DATA!H$5:H$2000),0) -> 1 | D59: =IF($A59="", "", IFERROR(SUMIFS(RAW_DATA!$J$5:$J$5000, RAW_DATA!$C$5:$C$5000, $A59, RAW_DATA!$D$5:$D$5000, ">="&TODAY()-30, RAW_DATA!$D$5:$D$5000, "<="&TODAY()) / $C59, "–")) -> 63707 | E59: =IFERROR(SUMIFS(RAW_DATA!$H$5:$H$4000,RAW_DATA!$C$5:$C$4000,$A59,RAW_DATA!$D$5:$D$4000,">="&TODAY()-7,RAW_DATA!$D$5:$D$4000,"<="&TODAY()),0) -> 1 | F59: =IFERROR(SUMIFS(RAW_DATA!$J$5:$J$4000,RAW_DATA!$C$5:$C$4000,A59,RAW_DATA!$D$5:$D$4000,">="&TODAY()-DECISION_RULES!$B$6,RAW_DATA!$D$5:$D$4000,"<="&TODAY())/E59,"–") -> 63707 | G59: =IFERROR(SUMPRODUCT((RAW_DATA!$C$5:$C$5000=A59)*(RAW_DATA!$D$5:$D$4000>=TODAY()-DECISION_RULES!$B$7)*(RAW_DATA!$D$5:$D$4000<=TODAY())*RAW_DATA!$F$5:$F$5000*RAW_DATA!$G$5:$G$5000/100)/SUMIFS(RAW_DATA!$F$5:$F$5000,RAW_DATA!$C$5:$C$5000,A59,RAW_DATA!$D$5:$D$4000,">="&TODAY()-DECISION_RULES!$B$7,RAW_DATA!$D$5:$D$4000,"<="&TODAY())*100,"–") -> 1.5544041 | H59: =IFERROR(VLOOKUP(B59,BENCHMARK!$A:$B,2,FALSE),VLOOKUP("DEFAULT",BENCHMARK!$A:$B,2,FALSE)) -> 150000 | I59: =IF(A59="","-", IF(SUMIFS(RAW_DATA!$J$5:$J$5000,RAW_DATA!$C$5:$C$5000,A59)<DECISION_RULES!$B$5,"CHUA DU DATA", IF(AND(SUMIFS(RAW_DATA!$J$5:$J$5000,RAW_DATA!$C$5:$C$5000,A59)>=DECISION_RULES!$B$5,C59=0,E59=0),"KILL", IF(AND(D59<H59,F59<H59),"SCALE", IF(AND(D59<H59,F59>H59),"WARNING", IF(AND(D59>H59,F59<H59),"TEST","KILL")))))) -> CHUA DU DATA | J59: =IF(A59="","–",IF(I59="KILL",IF(C59=0,"Da chi tieu nhung 0 conv - tat ngay, kiem tra target va content","Ca 30d va 7d deu kem - nen tat hoac thay content moi"),IF(I59="SCALE","30d va 7d deu tot - co the tang budget 20-30%",IF(I59="WARNING","30d tot nhung 7d dang xau - KHONG scale, theo doi them 3 ngay",IF(I59="TEST","30d chua tot nhung 7d dang cai thien - giu nguyen, cho them 3-5 ngay","Chua du du lieu - can chi tieu "&DECISION_RULES!$B$5&" de danh gia chinh xac"))))) -> Chua du du lieu - can chi tieu 100000 de danh gia chinh xac
A60: =IFERROR(__xludf.DUMMYFUNCTION("""COMPUTED_VALUE"""),"Phap_Reels_Online_Mua5Sao_0724_6280") -> Phap_Reels_Online_Mua5Sao_0724_6280 | B60: {=IFERROR(INDEX(RAW_DATA!$L$5:$L$4000,MATCH(A60,RAW_DATA!$C$5:$C$4000,0)),"DEFAULT")} -> Tiếng Pháp | C60: =IFERROR(SUMPRODUCT((RAW_DATA!C$5:C$2000=A60)*(RAW_DATA!D$5:D$2000>=TODAY()-30)*(RAW_DATA!D$5:D$2000<=TODAY()-1)*RAW_DATA!H$5:H$2000),0) -> 0 | D60: =IF($A60="", "", IFERROR(SUMIFS(RAW_DATA!$J$5:$J$5000, RAW_DATA!$C$5:$C$5000, $A60, RAW_DATA!$D$5:$D$5000, ">="&TODAY()-30, RAW_DATA!$D$5:$D$5000, "<="&TODAY()) / $C60, "–")) -> – | E60: =IFERROR(SUMIFS(RAW_DATA!$H$5:$H$4000,RAW_DATA!$C$5:$C$4000,$A60,RAW_DATA!$D$5:$D$4000,">="&TODAY()-7,RAW_DATA!$D$5:$D$4000,"<="&TODAY()),0) -> 0 | F60: =IFERROR(SUMIFS(RAW_DATA!$J$5:$J$4000,RAW_DATA!$C$5:$C$4000,A60,RAW_DATA!$D$5:$D$4000,">="&TODAY()-DECISION_RULES!$B$6,RAW_DATA!$D$5:$D$4000,"<="&TODAY())/E60,"–") -> – | G60: =IFERROR(SUMPRODUCT((RAW_DATA!$C$5:$C$5000=A60)*(RAW_DATA!$D$5:$D$4000>=TODAY()-DECISION_RULES!$B$7)*(RAW_DATA!$D$5:$D$4000<=TODAY())*RAW_DATA!$F$5:$F$5000*RAW_DATA!$G$5:$G$5000/100)/SUMIFS(RAW_DATA!$F$5:$F$5000,RAW_DATA!$C$5:$C$5000,A60,RAW_DATA!$D$5:$D$4000,">="&TODAY()-DECISION_RULES!$B$7,RAW_DATA!$D$5:$D$4000,"<="&TODAY())*100,"–") -> 0 | H60: =IFERROR(VLOOKUP(B60,BENCHMARK!$A:$B,2,FALSE),VLOOKUP("DEFAULT",BENCHMARK!$A:$B,2,FALSE)) -> 150000 | I60: =IF(A60="","-", IF(SUMIFS(RAW_DATA!$J$5:$J$5000,RAW_DATA!$C$5:$C$5000,A60)<DECISION_RULES!$B$5,"CHUA DU DATA", IF(AND(SUMIFS(RAW_DATA!$J$5:$J$5000,RAW_DATA!$C$5:$C$5000,A60)>=DECISION_RULES!$B$5,C60=0,E60=0),"KILL", IF(AND(D60<H60,F60<H60),"SCALE", IF(AND(D60<H60,F60>H60),"WARNING", IF(AND(D60>H60,F60<H60),"TEST","KILL")))))) -> CHUA DU DATA | J60: =IF(A60="","–",IF(I60="KILL",IF(C60=0,"Da chi tieu nhung 0 conv - tat ngay, kiem tra target va content","Ca 30d va 7d deu kem - nen tat hoac thay content moi"),IF(I60="SCALE","30d va 7d deu tot - co the tang budget 20-30%",IF(I60="WARNING","30d tot nhung 7d dang xau - KHONG scale, theo doi them 3 ngay",IF(I60="TEST","30d chua tot nhung 7d dang cai thien - giu nguyen, cho them 3-5 ngay","Chua du du lieu - can chi tieu "&DECISION_RULES!$B$5&" de danh gia chinh xac"))))) -> Chua du du lieu - can chi tieu 100000 de danh gia chinh xac
A61: =IFERROR(__xludf.DUMMYFUNCTION("""COMPUTED_VALUE"""),"Phap_Reels_Online1Kem1_LoTrinhCaNhan_0925_9920") -> Phap_Reels_Online1Kem1_LoTrinhCaNhan_0925_9920 | B61: {=IFERROR(INDEX(RAW_DATA!$L$5:$L$4000,MATCH(A61,RAW_DATA!$C$5:$C$4000,0)),"DEFAULT")} -> Tiếng Pháp | C61: =IFERROR(SUMPRODUCT((RAW_DATA!C$5:C$2000=A61)*(RAW_DATA!D$5:D$2000>=TODAY()-30)*(RAW_DATA!D$5:D$2000<=TODAY()-1)*RAW_DATA!H$5:H$2000),0) -> 0 | D61: =IF($A61="", "", IFERROR(SUMIFS(RAW_DATA!$J$5:$J$5000, RAW_DATA!$C$5:$C$5000, $A61, RAW_DATA!$D$5:$D$5000, ">="&TODAY()-30, RAW_DATA!$D$5:$D$5000, "<="&TODAY()) / $C61, "–")) -> – | E61: =IFERROR(SUMIFS(RAW_DATA!$H$5:$H$4000,RAW_DATA!$C$5:$C$4000,$A61,RAW_DATA!$D$5:$D$4000,">="&TODAY()-7,RAW_DATA!$D$5:$D$4000,"<="&TODAY()),0) -> 0 | F61: =IFERROR(SUMIFS(RAW_DATA!$J$5:$J$4000,RAW_DATA!$C$5:$C$4000,A61,RAW_DATA!$D$5:$D$4000,">="&TODAY()-DECISION_RULES!$B$6,RAW_DATA!$D$5:$D$4000,"<="&TODAY())/E61,"–") -> – | G61: =IFERROR(SUMPRODUCT((RAW_DATA!$C$5:$C$5000=A61)*(RAW_DATA!$D$5:$D$4000>=TODAY()-DECISION_RULES!$B$7)*(RAW_DATA!$D$5:$D$4000<=TODAY())*RAW_DATA!$F$5:$F$5000*RAW_DATA!$G$5:$G$5000/100)/SUMIFS(RAW_DATA!$F$5:$F$5000,RAW_DATA!$C$5:$C$5000,A61,RAW_DATA!$D$5:$D$4000,">="&TODAY()-DECISION_RULES!$B$7,RAW_DATA!$D$5:$D$4000,"<="&TODAY())*100,"–") -> 1.2087027 | H61: =IFERROR(VLOOKUP(B61,BENCHMARK!$A:$B,2,FALSE),VLOOKUP("DEFAULT",BENCHMARK!$A:$B,2,FALSE)) -> 150000 | I61: =IF(A61="","-", IF(SUMIFS(RAW_DATA!$J$5:$J$5000,RAW_DATA!$C$5:$C$5000,A61)<DECISION_RULES!$B$5,"CHUA DU DATA", IF(AND(SUMIFS(RAW_DATA!$J$5:$J$5000,RAW_DATA!$C$5:$C$5000,A61)>=DECISION_RULES!$B$5,C61=0,E61=0),"KILL", IF(AND(D61<H61,F61<H61),"SCALE", IF(AND(D61<H61,F61>H61),"WARNING", IF(AND(D61>H61,F61<H61),"TEST","KILL")))))) -> KILL | J61: =IF(A61="","–",IF(I61="KILL",IF(C61=0,"Da chi tieu nhung 0 conv - tat ngay, kiem tra target va content","Ca 30d va 7d deu kem - nen tat hoac thay content moi"),IF(I61="SCALE","30d va 7d deu tot - co the tang budget 20-30%",IF(I61="WARNING","30d tot nhung 7d dang xau - KHONG scale, theo doi them 3 ngay",IF(I61="TEST","30d chua tot nhung 7d dang cai thien - giu nguyen, cho them 3-5 ngay","Chua du du lieu - can chi tieu "&DECISION_RULES!$B$5&" de danh gia chinh xac"))))) -> Da chi tieu nhung 0 conv - tat ngay, kiem tra target va content
A62: =IFERROR(__xludf.DUMMYFUNCTION("""COMPUTED_VALUE"""),"TBN_Album_LKGChung_0325_4256") -> TBN_Album_LKGChung_0325_4256 | B62: {=IFERROR(INDEX(RAW_DATA!$L$5:$L$4000,MATCH(A62,RAW_DATA!$C$5:$C$4000,0)),"DEFAULT")} -> Tiếng Tây Ban Nha | C62: =IFERROR(SUMPRODUCT((RAW_DATA!C$5:C$2000=A62)*(RAW_DATA!D$5:D$2000>=TODAY()-30)*(RAW_DATA!D$5:D$2000<=TODAY()-1)*RAW_DATA!H$5:H$2000),0) -> 53 | D62: =IF($A62="", "", IFERROR(SUMIFS(RAW_DATA!$J$5:$J$5000, RAW_DATA!$C$5:$C$5000, $A62, RAW_DATA!$D$5:$D$5000, ">="&TODAY()-30, RAW_DATA!$D$5:$D$5000, "<="&TODAY()) / $C62, "–")) -> 115000.49 | E62: =IFERROR(SUMIFS(RAW_DATA!$H$5:$H$4000,RAW_DATA!$C$5:$C$4000,$A62,RAW_DATA!$D$5:$D$4000,">="&TODAY()-7,RAW_DATA!$D$5:$D$4000,"<="&TODAY()),0) -> 16 | F62: =IFERROR(SUMIFS(RAW_DATA!$J$5:$J$4000,RAW_DATA!$C$5:$C$4000,A62,RAW_DATA!$D$5:$D$4000,">="&TODAY()-DECISION_RULES!$B$6,RAW_DATA!$D$5:$D$4000,"<="&TODAY())/E62,"–") -> 92685.562 | G62: =IFERROR(SUMPRODUCT((RAW_DATA!$C$5:$C$5000=A62)*(RAW_DATA!$D$5:$D$4000>=TODAY()-DECISION_RULES!$B$7)*(RAW_DATA!$D$5:$D$4000<=TODAY())*RAW_DATA!$F$5:$F$5000*RAW_DATA!$G$5:$G$5000/100)/SUMIFS(RAW_DATA!$F$5:$F$5000,RAW_DATA!$C$5:$C$5000,A62,RAW_DATA!$D$5:$D$4000,">="&TODAY()-DECISION_RULES!$B$7,RAW_DATA!$D$5:$D$4000,"<="&TODAY())*100,"–") -> 1.0119516 | H62: =IFERROR(VLOOKUP(B62,BENCHMARK!$A:$B,2,FALSE),VLOOKUP("DEFAULT",BENCHMARK!$A:$B,2,FALSE)) -> 160000 | I62: =IF(A62="","-", IF(SUMIFS(RAW_DATA!$J$5:$J$5000,RAW_DATA!$C$5:$C$5000,A62)<DECISION_RULES!$B$5,"CHUA DU DATA", IF(AND(SUMIFS(RAW_DATA!$J$5:$J$5000,RAW_DATA!$C$5:$C$5000,A62)>=DECISION_RULES!$B$5,C62=0,E62=0),"KILL", IF(AND(D62<H62,F62<H62),"SCALE", IF(AND(D62<H62,F62>H62),"WARNING", IF(AND(D62>H62,F62<H62),"TEST","KILL")))))) -> SCALE | J62: =IF(A62="","–",IF(I62="KILL",IF(C62=0,"Da chi tieu nhung 0 conv - tat ngay, kiem tra target va content","Ca 30d va 7d deu kem - nen tat hoac thay content moi"),IF(I62="SCALE","30d va 7d deu tot - co the tang budget 20-30%",IF(I62="WARNING","30d tot nhung 7d dang xau - KHONG scale, theo doi them 3 ngay",IF(I62="TEST","30d chua tot nhung 7d dang cai thien - giu nguyen, cho them 3-5 ngay","Chua du du lieu - can chi tieu "&DECISION_RULES!$B$5&" de danh gia chinh xac"))))) -> 30d va 7d deu tot - co the tang budget 20-30%
A63: =IFERROR(__xludf.DUMMYFUNCTION("""COMPUTED_VALUE"""),"TBN_Album_Offline_SanDeal2026_0226_9251") -> TBN_Album_Offline_SanDeal2026_0226_9251 | B63: {=IFERROR(INDEX(RAW_DATA!$L$5:$L$4000,MATCH(A63,RAW_DATA!$C$5:$C$4000,0)),"DEFAULT")} -> Tiếng Tây Ban Nha | C63: =IFERROR(SUMPRODUCT((RAW_DATA!C$5:C$2000=A63)*(RAW_DATA!D$5:D$2000>=TODAY()-30)*(RAW_DATA!D$5:D$2000<=TODAY()-1)*RAW_DATA!H$5:H$2000),0) -> 5 | D63: =IF($A63="", "", IFERROR(SUMIFS(RAW_DATA!$J$5:$J$5000, RAW_DATA!$C$5:$C$5000, $A63, RAW_DATA!$D$5:$D$5000, ">="&TODAY()-30, RAW_DATA!$D$5:$D$5000, "<="&TODAY()) / $C63, "–")) -> 93562.8 | E63: =IFERROR(SUMIFS(RAW_DATA!$H$5:$H$4000,RAW_DATA!$C$5:$C$4000,$A63,RAW_DATA!$D$5:$D$4000,">="&TODAY()-7,RAW_DATA!$D$5:$D$4000,"<="&TODAY()),0) -> 4 | F63: =IFERROR(SUMIFS(RAW_DATA!$J$5:$J$4000,RAW_DATA!$C$5:$C$4000,A63,RAW_DATA!$D$5:$D$4000,">="&TODAY()-DECISION_RULES!$B$6,RAW_DATA!$D$5:$D$4000,"<="&TODAY())/E63,"–") -> 95596.25 | G63: =IFERROR(SUMPRODUCT((RAW_DATA!$C$5:$C$5000=A63)*(RAW_DATA!$D$5:$D$4000>=TODAY()-DECISION_RULES!$B$7)*(RAW_DATA!$D$5:$D$4000<=TODAY())*RAW_DATA!$F$5:$F$5000*RAW_DATA!$G$5:$G$5000/100)/SUMIFS(RAW_DATA!$F$5:$F$5000,RAW_DATA!$C$5:$C$5000,A63,RAW_DATA!$D$5:$D$4000,">="&TODAY()-DECISION_RULES!$B$7,RAW_DATA!$D$5:$D$4000,"<="&TODAY())*100,"–") -> 0.8299686 | H63: =IFERROR(VLOOKUP(B63,BENCHMARK!$A:$B,2,FALSE),VLOOKUP("DEFAULT",BENCHMARK!$A:$B,2,FALSE)) -> 160000 | I63: =IF(A63="","-", IF(SUMIFS(RAW_DATA!$J$5:$J$5000,RAW_DATA!$C$5:$C$5000,A63)<DECISION_RULES!$B$5,"CHUA DU DATA", IF(AND(SUMIFS(RAW_DATA!$J$5:$J$5000,RAW_DATA!$C$5:$C$5000,A63)>=DECISION_RULES!$B$5,C63=0,E63=0),"KILL", IF(AND(D63<H63,F63<H63),"SCALE", IF(AND(D63<H63,F63>H63),"WARNING", IF(AND(D63>H63,F63<H63),"TEST","KILL")))))) -> SCALE | J63: =IF(A63="","–",IF(I63="KILL",IF(C63=0,"Da chi tieu nhung 0 conv - tat ngay, kiem tra target va content","Ca 30d va 7d deu kem - nen tat hoac thay content moi"),IF(I63="SCALE","30d va 7d deu tot - co the tang budget 20-30%",IF(I63="WARNING","30d tot nhung 7d dang xau - KHONG scale, theo doi them 3 ngay",IF(I63="TEST","30d chua tot nhung 7d dang cai thien - giu nguyen, cho them 3-5 ngay","Chua du du lieu - can chi tieu "&DECISION_RULES!$B$5&" de danh gia chinh xac"))))) -> 30d va 7d deu tot - co the tang budget 20-30%
A64: =IFERROR(__xludf.DUMMYFUNCTION("""COMPUTED_VALUE"""),"TBN_Photo_Online_BoTuDealHoi_0426_3457") -> TBN_Photo_Online_BoTuDealHoi_0426_3457 | B64: {=IFERROR(INDEX(RAW_DATA!$L$5:$L$4000,MATCH(A64,RAW_DATA!$C$5:$C$4000,0)),"DEFAULT")} -> Tiếng Tây Ban Nha | C64: =IFERROR(SUMPRODUCT((RAW_DATA!C$5:C$2000=A64)*(RAW_DATA!D$5:D$2000>=TODAY()-30)*(RAW_DATA!D$5:D$2000<=TODAY()-1)*RAW_DATA!H$5:H$2000),0) -> 20 | D64: =IF($A64="", "", IFERROR(SUMIFS(RAW_DATA!$J$5:$J$5000, RAW_DATA!$C$5:$C$5000, $A64, RAW_DATA!$D$5:$D$5000, ">="&TODAY()-30, RAW_DATA!$D$5:$D$5000, "<="&TODAY()) / $C64, "–")) -> 64245.9 | E64: =IFERROR(SUMIFS(RAW_DATA!$H$5:$H$4000,RAW_DATA!$C$5:$C$4000,$A64,RAW_DATA!$D$5:$D$4000,">="&TODAY()-7,RAW_DATA!$D$5:$D$4000,"<="&TODAY()),0) -> 0 | F64: =IFERROR(SUMIFS(RAW_DATA!$J$5:$J$4000,RAW_DATA!$C$5:$C$4000,A64,RAW_DATA!$D$5:$D$4000,">="&TODAY()-DECISION_RULES!$B$6,RAW_DATA!$D$5:$D$4000,"<="&TODAY())/E64,"–") -> – | G64: =IFERROR(SUMPRODUCT((RAW_DATA!$C$5:$C$5000=A64)*(RAW_DATA!$D$5:$D$4000>=TODAY()-DECISION_RULES!$B$7)*(RAW_DATA!$D$5:$D$4000<=TODAY())*RAW_DATA!$F$5:$F$5000*RAW_DATA!$G$5:$G$5000/100)/SUMIFS(RAW_DATA!$F$5:$F$5000,RAW_DATA!$C$5:$C$5000,A64,RAW_DATA!$D$5:$D$4000,">="&TODAY()-DECISION_RULES!$B$7,RAW_DATA!$D$5:$D$4000,"<="&TODAY())*100,"–") -> 0.56535359 | H64: =IFERROR(VLOOKUP(B64,BENCHMARK!$A:$B,2,FALSE),VLOOKUP("DEFAULT",BENCHMARK!$A:$B,2,FALSE)) -> 160000 | I64: =IF(A64="","-", IF(SUMIFS(RAW_DATA!$J$5:$J$5000,RAW_DATA!$C$5:$C$5000,A64)<DECISION_RULES!$B$5,"CHUA DU DATA", IF(AND(SUMIFS(RAW_DATA!$J$5:$J$5000,RAW_DATA!$C$5:$C$5000,A64)>=DECISION_RULES!$B$5,C64=0,E64=0),"KILL", IF(AND(D64<H64,F64<H64),"SCALE", IF(AND(D64<H64,F64>H64),"WARNING", IF(AND(D64>H64,F64<H64),"TEST","KILL")))))) -> WARNING | J64: =IF(A64="","–",IF(I64="KILL",IF(C64=0,"Da chi tieu nhung 0 conv - tat ngay, kiem tra target va content","Ca 30d va 7d deu kem - nen tat hoac thay content moi"),IF(I64="SCALE","30d va 7d deu tot - co the tang budget 20-30%",IF(I64="WARNING","30d tot nhung 7d dang xau - KHONG scale, theo doi them 3 ngay",IF(I64="TEST","30d chua tot nhung 7d dang cai thien - giu nguyen, cho them 3-5 ngay","Chua du du lieu - can chi tieu "&DECISION_RULES!$B$5&" de danh gia chinh xac"))))) -> 30d tot nhung 7d dang xau - KHONG scale, theo doi them 3 ngay
A65: =IFERROR(__xludf.DUMMYFUNCTION("""COMPUTED_VALUE"""),"TBN_Reels_Offline_ToaDo357_0724_0172") -> TBN_Reels_Offline_ToaDo357_0724_0172 | B65: {=IFERROR(INDEX(RAW_DATA!$L$5:$L$4000,MATCH(A65,RAW_DATA!$C$5:$C$4000,0)),"DEFAULT")} -> Tiếng Tây Ban Nha | C65: =IFERROR(SUMPRODUCT((RAW_DATA!C$5:C$2000=A65)*(RAW_DATA!D$5:D$2000>=TODAY()-30)*(RAW_DATA!D$5:D$2000<=TODAY()-1)*RAW_DATA!H$5:H$2000),0) -> 29 | D65: =IF($A65="", "", IFERROR(SUMIFS(RAW_DATA!$J$5:$J$5000, RAW_DATA!$C$5:$C$5000, $A65, RAW_DATA!$D$5:$D$5000, ">="&TODAY()-30, RAW_DATA!$D$5:$D$5000, "<="&TODAY()) / $C65, "–")) -> 148395.1 | E65: =IFERROR(SUMIFS(RAW_DATA!$H$5:$H$4000,RAW_DATA!$C$5:$C$4000,$A65,RAW_DATA!$D$5:$D$4000,">="&TODAY()-7,RAW_DATA!$D$5:$D$4000,"<="&TODAY()),0) -> 9 | F65: =IFERROR(SUMIFS(RAW_DATA!$J$5:$J$4000,RAW_DATA!$C$5:$C$4000,A65,RAW_DATA!$D$5:$D$4000,">="&TODAY()-DECISION_RULES!$B$6,RAW_DATA!$D$5:$D$4000,"<="&TODAY())/E65,"–") -> 110187.56 | G65: =IFERROR(SUMPRODUCT((RAW_DATA!$C$5:$C$5000=A65)*(RAW_DATA!$D$5:$D$4000>=TODAY()-DECISION_RULES!$B$7)*(RAW_DATA!$D$5:$D$4000<=TODAY())*RAW_DATA!$F$5:$F$5000*RAW_DATA!$G$5:$G$5000/100)/SUMIFS(RAW_DATA!$F$5:$F$5000,RAW_DATA!$C$5:$C$5000,A65,RAW_DATA!$D$5:$D$4000,">="&TODAY()-DECISION_RULES!$B$7,RAW_DATA!$D$5:$D$4000,"<="&TODAY())*100,"–") -> 1.170678 | H65: =IFERROR(VLOOKUP(B65,BENCHMARK!$A:$B,2,FALSE),VLOOKUP("DEFAULT",BENCHMARK!$A:$B,2,FALSE)) -> 160000 | I65: =IF(A65="","-", IF(SUMIFS(RAW_DATA!$J$5:$J$5000,RAW_DATA!$C$5:$C$5000,A65)<DECISION_RULES!$B$5,"CHUA DU DATA", IF(AND(SUMIFS(RAW_DATA!$J$5:$J$5000,RAW_DATA!$C$5:$C$5000,A65)>=DECISION_RULES!$B$5,C65=0,E65=0),"KILL", IF(AND(D65<H65,F65<H65),"SCALE", IF(AND(D65<H65,F65>H65),"WARNING", IF(AND(D65>H65,F65<H65),"TEST","KILL")))))) -> SCALE | J65: =IF(A65="","–",IF(I65="KILL",IF(C65=0,"Da chi tieu nhung 0 conv - tat ngay, kiem tra target va content","Ca 30d va 7d deu kem - nen tat hoac thay content moi"),IF(I65="SCALE","30d va 7d deu tot - co the tang budget 20-30%",IF(I65="WARNING","30d tot nhung 7d dang xau - KHONG scale, theo doi them 3 ngay",IF(I65="TEST","30d chua tot nhung 7d dang cai thien - giu nguyen, cho them 3-5 ngay","Chua du du lieu - can chi tieu "&DECISION_RULES!$B$5&" de danh gia chinh xac"))))) -> 30d va 7d deu tot - co the tang budget 20-30%
A66: =IFERROR(__xludf.DUMMYFUNCTION("""COMPUTED_VALUE"""),"TBN_Reels_Online1Kem1_DoNiDongGiay_1025_6409") -> TBN_Reels_Online1Kem1_DoNiDongGiay_1025_6409 | B66: {=IFERROR(INDEX(RAW_DATA!$L$5:$L$4000,MATCH(A66,RAW_DATA!$C$5:$C$4000,0)),"DEFAULT")} -> Tiếng Tây Ban Nha | C66: =IFERROR(SUMPRODUCT((RAW_DATA!C$5:C$2000=A66)*(RAW_DATA!D$5:D$2000>=TODAY()-30)*(RAW_DATA!D$5:D$2000<=TODAY()-1)*RAW_DATA!H$5:H$2000),0) -> 9 | D66: =IF($A66="", "", IFERROR(SUMIFS(RAW_DATA!$J$5:$J$5000, RAW_DATA!$C$5:$C$5000, $A66, RAW_DATA!$D$5:$D$5000, ">="&TODAY()-30, RAW_DATA!$D$5:$D$5000, "<="&TODAY()) / $C66, "–")) -> 79231.667 | E66: =IFERROR(SUMIFS(RAW_DATA!$H$5:$H$4000,RAW_DATA!$C$5:$C$4000,$A66,RAW_DATA!$D$5:$D$4000,">="&TODAY()-7,RAW_DATA!$D$5:$D$4000,"<="&TODAY()),0) -> 9 | F66: =IFERROR(SUMIFS(RAW_DATA!$J$5:$J$4000,RAW_DATA!$C$5:$C$4000,A66,RAW_DATA!$D$5:$D$4000,">="&TODAY()-DECISION_RULES!$B$6,RAW_DATA!$D$5:$D$4000,"<="&TODAY())/E66,"–") -> 79231.667 | G66: =IFERROR(SUMPRODUCT((RAW_DATA!$C$5:$C$5000=A66)*(RAW_DATA!$D$5:$D$4000>=TODAY()-DECISION_RULES!$B$7)*(RAW_DATA!$D$5:$D$4000<=TODAY())*RAW_DATA!$F$5:$F$5000*RAW_DATA!$G$5:$G$5000/100)/SUMIFS(RAW_DATA!$F$5:$F$5000,RAW_DATA!$C$5:$C$5000,A66,RAW_DATA!$D$5:$D$4000,">="&TODAY()-DECISION_RULES!$B$7,RAW_DATA!$D$5:$D$4000,"<="&TODAY())*100,"–") -> 0.67937608 | H66: =IFERROR(VLOOKUP(B66,BENCHMARK!$A:$B,2,FALSE),VLOOKUP("DEFAULT",BENCHMARK!$A:$B,2,FALSE)) -> 160000 | I66: =IF(A66="","-", IF(SUMIFS(RAW_DATA!$J$5:$J$5000,RAW_DATA!$C$5:$C$5000,A66)<DECISION_RULES!$B$5,"CHUA DU DATA", IF(AND(SUMIFS(RAW_DATA!$J$5:$J$5000,RAW_DATA!$C$5:$C$5000,A66)>=DECISION_RULES!$B$5,C66=0,E66=0),"KILL", IF(AND(D66<H66,F66<H66),"SCALE", IF(AND(D66<H66,F66>H66),"WARNING", IF(AND(D66>H66,F66<H66),"TEST","KILL")))))) -> SCALE | J66: =IF(A66="","–",IF(I66="KILL",IF(C66=0,"Da chi tieu nhung 0 conv - tat ngay, kiem tra target va content","Ca 30d va 7d deu kem - nen tat hoac thay content moi"),IF(I66="SCALE","30d va 7d deu tot - co the tang budget 20-30%",IF(I66="WARNING","30d tot nhung 7d dang xau - KHONG scale, theo doi them 3 ngay",IF(I66="TEST","30d chua tot nhung 7d dang cai thien - giu nguyen, cho them 3-5 ngay","Chua du du lieu - can chi tieu "&DECISION_RULES!$B$5&" de danh gia chinh xac"))))) -> 30d va 7d deu tot - co the tang budget 20-30%
A67: =IFERROR(__xludf.DUMMYFUNCTION("""COMPUTED_VALUE"""),"TBN_Reels_Online1Kem1_KimChiNam_0724_2357") -> TBN_Reels_Online1Kem1_KimChiNam_0724_2357 | B67: {=IFERROR(INDEX(RAW_DATA!$L$5:$L$4000,MATCH(A67,RAW_DATA!$C$5:$C$4000,0)),"DEFAULT")} -> Tiếng Tây Ban Nha | C67: =IFERROR(SUMPRODUCT((RAW_DATA!C$5:C$2000=A67)*(RAW_DATA!D$5:D$2000>=TODAY()-30)*(RAW_DATA!D$5:D$2000<=TODAY()-1)*RAW_DATA!H$5:H$2000),0) -> 15 | D67: =IF($A67="", "", IFERROR(SUMIFS(RAW_DATA!$J$5:$J$5000, RAW_DATA!$C$5:$C$5000, $A67, RAW_DATA!$D$5:$D$5000, ">="&TODAY()-30, RAW_DATA!$D$5:$D$5000, "<="&TODAY()) / $C67, "–")) -> 106742.8 | E67: =IFERROR(SUMIFS(RAW_DATA!$H$5:$H$4000,RAW_DATA!$C$5:$C$4000,$A67,RAW_DATA!$D$5:$D$4000,">="&TODAY()-7,RAW_DATA!$D$5:$D$4000,"<="&TODAY()),0) -> 3 | F67: =IFERROR(SUMIFS(RAW_DATA!$J$5:$J$4000,RAW_DATA!$C$5:$C$4000,A67,RAW_DATA!$D$5:$D$4000,">="&TODAY()-DECISION_RULES!$B$6,RAW_DATA!$D$5:$D$4000,"<="&TODAY())/E67,"–") -> 68666.333 | G67: =IFERROR(SUMPRODUCT((RAW_DATA!$C$5:$C$5000=A67)*(RAW_DATA!$D$5:$D$4000>=TODAY()-DECISION_RULES!$B$7)*(RAW_DATA!$D$5:$D$4000<=TODAY())*RAW_DATA!$F$5:$F$5000*RAW_DATA!$G$5:$G$5000/100)/SUMIFS(RAW_DATA!$F$5:$F$5000,RAW_DATA!$C$5:$C$5000,A67,RAW_DATA!$D$5:$D$4000,">="&TODAY()-DECISION_RULES!$B$7,RAW_DATA!$D$5:$D$4000,"<="&TODAY())*100,"–") -> 0.93476664 | H67: =IFERROR(VLOOKUP(B67,BENCHMARK!$A:$B,2,FALSE),VLOOKUP("DEFAULT",BENCHMARK!$A:$B,2,FALSE)) -> 160000 | I67: =IF(A67="","-", IF(SUMIFS(RAW_DATA!$J$5:$J$5000,RAW_DATA!$C$5:$C$5000,A67)<DECISION_RULES!$B$5,"CHUA DU DATA", IF(AND(SUMIFS(RAW_DATA!$J$5:$J$5000,RAW_DATA!$C$5:$C$5000,A67)>=DECISION_RULES!$B$5,C67=0,E67=0),"KILL", IF(AND(D67<H67,F67<H67),"SCALE", IF(AND(D67<H67,F67>H67),"WARNING", IF(AND(D67>H67,F67<H67),"TEST","KILL")))))) -> SCALE | J67: =IF(A67="","–",IF(I67="KILL",IF(C67=0,"Da chi tieu nhung 0 conv - tat ngay, kiem tra target va content","Ca 30d va 7d deu kem - nen tat hoac thay content moi"),IF(I67="SCALE","30d va 7d deu tot - co the tang budget 20-30%",IF(I67="WARNING","30d tot nhung 7d dang xau - KHONG scale, theo doi them 3 ngay",IF(I67="TEST","30d chua tot nhung 7d dang cai thien - giu nguyen, cho them 3-5 ngay","Chua du du lieu - can chi tieu "&DECISION_RULES!$B$5&" de danh gia chinh xac"))))) -> 30d va 7d deu tot - co the tang budget 20-30%
